Age,Temperature
-50.00000,
-43.54769,
-37.41829,
-31.61153,
-24.51395,
-17.73776,
-10.95945,
-3.20879,
5.48176,
13.52038,
22.21633,
30.60813,
38.37379,0.88
46.81203,1.84
55.05624,3.04
64.41511,0.35
73.15077,-0.42
81.93244,0.05
90.75925,0.05
99.97031,-0.52
109.88879,0.79
119.25888,-0.55
129.40378,-1.11
139.93889,0.38
150.10205,-0.40
160.58005,1.05
171.01834,0.28
181.44466,-0.72
191.48283,-1.23
201.87233,0.51
212.18626,-2.44
223.16292,0.42
233.73909,0.84
244.64073,0.71
255.49973,-0.02
266.61209,-0.14
277.77097,-1.41
289.25006,-0.34
301.04303,0.16
312.44177,-1.22
323.85452,-0.41
335.57825,-0.59
346.88129,0.03
358.50821,-0.67
370.90112,-0.90
382.87436,-1.53
395.18558,-0.47
407.46558,-0.12
418.75491,0.21
430.39774,-1.73
442.40918,0.16
454.09915,0.14
466.12518,-0.56
478.21433,-0.80
490.39719,0.42
503.05731,-2.36
515.65100,-0.85
528.76422,-0.36
541.60858,1.26
554.93121,0.70
567.75421,-0.77
580.59985,1.40
593.51135,-0.87
606.47388,-0.81
619.46606,1.46
632.04871,0.98
644.98712,0.27
658.25757,-0.96
672.12836,-0.61
686.65106,-0.63
700.67932,-0.49
715.02704,-0.96
729.27771,-1.44
744.23865,-0.91
758.74341,-0.10
772.40747,-0.16
785.83618,0.32
798.90051,0.03
812.30737,0.56
824.81067,0.94
837.10004,1.17
849.37903,1.50
861.96991,-1.03
875.36835,0.59
889.09241,-1.41
903.16620,0.92
917.33173,-1.03
931.97516,-0.67
946.98193,-0.55
961.22705,-0.75
975.76489,0.38
990.15808,-0.40
1004.54004,-0.44
1018.78510,-0.95
1032.38147,0.14
1046.66455,0.99
1060.58911,0.36
1074.79602,-0.75
1089.07690,-0.80
1103.70520,0.72
1118.15979,-0.54
1132.65186,1.55
1146.79089,-0.90
1160.92249,-0.34
1174.39355,0.93
1188.11206,1.03
1201.49829,0.88
1215.03625,-0.54
1229.32214,0.58
1243.60388,0.37
1258.22241,0.27
1272.59155,-0.16
1286.97961,-0.30
1301.70935,1.23
1315.86951,0.22
1330.45410,0.89
1344.70923,-0.17
1358.62170,1.55
1372.61572,0.89
1386.61511,-0.17
1400.62073,-0.02
1415.92065,-0.48
1431.90051,-0.70
1447.89026,-0.45
1463.26855,1.04
1478.73511,-0.93
1494.21582,-0.32
1509.67847,-0.54
1525.08606,-0.27
1540.51196,0.90
1556.33752,-0.92
1571.98694,0.04
1588.01611,0.24
1604.08252,-1.15
1620.57983,-0.84
1637.10657,0.73
1654.01477,-1.24
1670.17859,0.42
1686.01746,0.35
1702.25342,-0.81
1719.76782,-0.56
1736.97498,-0.11
1754.16895,0.10
1770.60083,0.55
1787.40186,-1.41
1804.23096,0.25
1821.97449,-1.04
1839.34473,-0.99
1856.49829,0.35
1872.56653,-1.06
1888.98816,1.79
1905.45862,0.00
1922.01160,0.01
1938.20874,-0.38
1955.51404,0.18
1972.75623,-0.30
1990.00256,-0.73
2007.35229,-1.08
2025.23914,-0.02
2043.51099,-0.92
2060.98633,1.62
2078.09888,-0.70
2095.21533,-0.74
2112.52783,0.44
2129.74927,-0.64
2147.34131,-0.34
2165.32129,-1.02
2183.99536,-0.48
2202.29272,-0.46
2219.39380,
2236.56470,0.86
2253.38916,0.30
2270.87402,-0.35
2288.77588,0.17
2306.32422,-2.05
2326.60645,-1.41
2346.90186,-0.63
2366.62476,-0.83
2385.38379,-0.94
2404.53833,-1.97
2423.79980,-0.78
2443.08032,0.00
2462.51489,-0.65
2480.89111,-0.63
2499.64697,0.16
2517.80176,-0.45
2535.12402,0.92
2552.80396,-0.11
2570.83887,0.51
2589.01855,-0.77
2607.20264,0.37
2624.53931,0.85
2641.80493,0.09
2659.10327,-0.19
2678.04224,-0.56
2696.61401,-0.20
2714.85034,-0.88
2732.72070,1.29
2750.24463,0.89
2767.45288,0.81
2784.27979,0.91
2801.44702,0.01
2818.38721,1.32
2835.10181,1.12
2851.81982,1.12
2869.81689,0.04
2888.01172,-0.64
2906.21045,-1.00
2924.22363,0.57
2942.89673,0.29
2961.21436,-0.34
2980.44849,-0.91
2999.69360,-0.01
3018.71484,-0.51
3037.35205,0.10
3055.99341,0.15
3074.13501,-0.03
3092.03613,0.63
3110.29199,
3128.50830,1.27
3146.72217,-1.46
3165.27637,-0.91
3185.72290,-1.30
3206.56641,0.62
3226.76880,-0.82
3246.86279,-1.76
3267.21094,0.47
3286.70679,-0.74
3306.58130,-1.05
3325.90356,0.70
3345.50293,-0.71
3365.14771,-1.44
3385.10962,-0.01
3405.45874,-0.28
3425.45044,-0.44
3445.16016,-0.18
3464.87329,-0.02
3483.79248,0.46
3503.07251,-1.04
3522.05103,1.35
3540.56226,0.15
3559.07617,-0.29
3578.32837,0.16
3598.29468,-0.67
3617.72217,0.92
3635.78711,0.77
3653.85449,0.17
3672.00122,0.62
3690.64551,1.03
3708.94678,-1.02
3727.10010,1.36
3745.50146,1.26
3763.56421,-1.57
3782.98560,1.07
3802.25000,0.08
3821.60449,0.26
3841.62109,-0.70
3861.26953,-0.92
3880.94751,0.72
3900.47876,-0.12
3919.72363,-0.52
3939.89600,-0.19
3960.07056,-0.41
3979.64185,0.40
3999.41675,-0.56
4019.15869,-0.59
4037.86060,0.78
4056.91699,0.81
4076.09180,-1.16
4095.42676,0.89
4114.76318,0.82
4134.00732,-0.59
4153.67773,-0.42
4173.31543,0.06
4192.83838,0.50
4212.36182,-1.57
4231.44238,0.67
4250.30615,1.31
4269.17041,-0.20
4288.05469,1.36
4306.93359,-0.48
4326.36182,-1.03
4346.73633,0.00
4367.11133,0.29
4386.60889,0.04
4406.00635,-0.32
4425.51172,-0.90
4445.25098,0.35
4464.99072,1.33
4483.77734,-0.39
4502.65186,0.78
4521.39404,-0.70
4541.82617,-0.40
4562.25830,-0.80
4582.21631,0.01
4601.92871,0.16
4621.99170,0.27
4641.60693,-0.56
4661.22119,-0.01
4680.94629,-0.16
4701.09961,-0.38
4720.87256,0.94
4740.53955,-0.76
4760.20654,-1.21
4780.67578,-0.28
4801.07520,-0.37
4821.48047,-1.16
4842.29346,-0.32
4862.72705,0.67
4882.10645,0.25
4901.39893,-0.16
4920.32568,-0.03
4939.11084,0.37
4958.24121,0.98
4977.55811,-0.50
4997.41162,-0.66
5017.63135,-0.32
5037.27734,-0.29
5056.92090,0.36
5077.15576,-0.95
5097.24316,-0.24
5117.65625,-0.13
5136.65674,0.25
5156.00537,0.56
5174.81885,0.58
5193.40039,0.26
5212.32373,-0.47
5232.35645,-0.17
5253.08057,-1.38
5273.03516,-0.26
5292.75488,0.69
5312.11328,-0.21
5331.51270,0.68
5350.51611,-0.26
5369.94189,0.03
5389.17773,0.54
5408.76025,-2.14
5430.22119,-1.08
5452.77002,-1.28
5474.10742,-0.06
5495.14404,-1.30
5516.06982,-2.19
5538.56299,-0.82
5560.64307,0.00
5579.52490,1.23
5597.93359,-0.26
5617.14600,0.10
5636.84375,-0.75
5656.90234,-0.10
5676.67773,-0.24
5696.82275,-0.97
5716.83252,0.57
5736.29150,-0.77
5756.10742,1.38
5774.45898,-0.72
5793.03125,0.91
5811.41699,1.01
5830.54785,-0.98
5849.67529,0.29
5868.10498,0.57
5886.71680,0.32
5905.14307,-0.54
5925.82520,-0.89
5946.12646,-0.71
5967.26807,-1.54
5988.59326,-0.50
6008.73047,0.45
6027.92334,-0.02
6047.11182,-0.40
6066.76611,-0.80
6086.92725,0.06
6106.67334,0.49
6126.71484,-1.52
6146.75195,0.80
6165.99609,-0.93
6185.56348,-0.51
6205.32520,-0.71
6224.92188,0.03
6244.90576,-0.68
6265.25293,-1.23
6285.96436,0.27
6306.17871,-0.19
6325.78125,-1.30
6346.05469,-1.55
6367.22217,-0.38
6387.99365,-1.37
6409.05469,-0.76
6430.11035,-0.47
6449.43555,0.79
6468.30127,-0.14
6487.40918,-1.78
6508.77686,-1.34
6530.53564,0.81
6550.47754,-0.48
6569.66113,-1.27
6590.10791,-0.71
6611.98047,-2.27
6633.31201,-0.22
6654.39893,-1.50
6675.47266,-2.00
6695.09766,0.60
6714.92676,0.23
6734.95068,-0.28
6754.85059,-1.47
6775.19922,-1.31
6796.66455,-1.20
6817.73438,-1.07
6837.80859,-0.59
6857.56445,0.75
6876.75293,-0.25
6894.72949,0.99
6913.03467,-0.73
6933.19678,-0.80
6953.43799,-1.23
6973.75098,-0.49
6993.71631,-0.29
7013.37988,-1.44
7034.45752,-0.94
7055.52197,-0.66
7076.34229,-1.11
7096.71631,-1.16
7117.57666,-0.39
7138.54639,-1.91
7159.63916,-3.00
7183.03809,-1.32
7206.14893,-0.93
7227.69482,-1.82
7248.83740,-1.56
7270.31396,-1.43
7291.77637,-0.40
7311.01465,0.88
7329.80273,-0.81
7349.21240,-2.10
7370.96484,-1.04
7392.32568,-1.84
7414.37549,-1.69
7436.41260,-0.24
7457.46973,-1.53
7477.94238,-1.77
7498.46387,-0.93
7518.73486,0.03
7538.68262,-0.93
7557.28027,0.70
7576.21826,-0.71
7595.22070,0.83
7614.23779,-1.14
7633.49609,-1.71
7654.58057,-0.82
7675.59277,-0.46
7694.80908,0.43
7713.66211,-1.88
7733.28223,-1.14
7753.18359,0.79
7773.04932,0.47
7792.45361,-2.03
7812.20361,-1.04
7833.15186,-1.47
7854.24023,-1.49
7874.22070,-0.34
7893.61865,0.26
7913.12061,-0.56
7932.94727,-1.06
7952.77002,-1.24
7973.72852,-1.41
7994.78516,-1.25
8016.25537,-2.19
8037.89941,-0.87
8060.00879,-3.09
8082.52441,-1.13
8104.10156,-0.65
8124.47559,-1.40
8145.28857,-2.04
8168.22363,-2.54
8191.03564,-2.25
8213.10742,-1.31
8235.14648,-1.71
8255.94727,-0.77
8276.73535,-1.35
8297.71387,-1.43
8318.74023,-1.26
8339.99707,-1.24
8361.41699,-2.40
8383.13184,-1.69
8405.27148,-1.89
8426.94141,-1.40
8447.56250,-0.74
8468.13672,-0.70
8488.25391,-0.85
8508.36719,-2.79
8528.88184,-0.74
8549.50879,0.38
8569.62500,-0.81
8589.31641,-1.54
8608.98145,0.02
8628.54395,-1.22
8648.09375,-1.13
8668.16602,-0.70
8688.30762,-1.60
8708.86133,-1.55
8729.69824,-0.84
8750.14453,-1.29
8769.94727,-0.44
8789.86426,-2.00
8811.45508,-1.62
8833.03223,-0.93
8852.47656,-0.19
8871.72363,-0.90
8891.24512,-0.86
8910.98535,-0.86
8930.55859,-1.13
8949.62988,0.05
8968.69824,-0.10
8988.20996,-1.49
9007.79590,-0.67
9027.30762,-0.94
9046.75586,-0.59
9066.20117,-1.09
9085.62891,-0.49
9105.04492,-0.49
9126.03223,-2.56
9147.31738,-1.90
9167.60547,-0.06
9187.44238,-1.42
9206.50879,0.11
9224.43359,0.54
9242.35645,-0.51
9261.82617,-0.99
9281.49414,-1.57
9300.67285,-0.04
9319.49219,-0.28
9338.29590,-0.45
9357.02734,-0.57
9375.74414,-0.14
9393.95703,-0.33
9412.00000,0.24
9429.85156,
9447.16602,0.48
9464.46777,-0.48
9483.60059,-2.02
9503.57812,-0.33
9523.06836,-1.11
9541.80664,0.04
9560.53027,-0.75
9578.31836,0.79
9596.10449,-0.10
9614.36035,-1.16
9633.12500,-0.08
9651.76953,-0.38
9669.01953,1.11
9686.26855,-0.04
9703.60352,0.01
9721.02539,0.45
9738.43359,-0.07
9755.05371,1.33
9771.61035,0.62
9788.95020,-2.40
9808.65137,-0.13
9828.33984,-0.20
9847.20898,-1.57
9866.01172,0.68
9884.24121,-0.61
9901.97559,0.15
9919.73633,-0.65
9938.54395,-0.97
9957.35059,0.35
9975.76270,-0.36
9993.95703,-0.75
10011.9775,0.26
10029.3438,0.32
10046.7100,-0.20
10064.6074,0.29
10082.8076,-1.18
10100.7148,0.02
10117.3848,1.39
10134.0547,0.43
10151.3037,-0.02
10169.0801,-0.47
10186.8447,0.38
10204.6504,-0.20
10222.4570,-1.08
10240.6914,-1.38
10259.3174,0.61
10277.8193,-0.07
10295.4287,-0.15
10313.0391,0.12
10331.2852,-1.76
10349.9658,0.26
10368.6934,-1.27
10387.6484,-0.47
10406.6045,-0.71
10425.6660,-1.53
10444.7451,0.31
10462.4648,0.53
10478.7090,1.16
10494.9551,0.41
10511.0078,-0.02
10527.0107,2.12
10543.0801,-1.23
10561.7129,-0.12
10580.3486,-0.55
10599.0938,-0.88
10617.9082,-0.64
10636.5059,-0.51
10654.5195,-0.27
10672.5352,0.86
10690.5020,-0.77
10708.4600,-0.84
10726.8691,-1.01
10746.2324,-1.08
10765.5918,-0.96
10784.1104,-0.35
10802.6348,-0.22
10820.6396,0.25
10838.3174,-0.51
10856.1475,-1.36
10875.4150,-0.80
10894.6758,-0.33
10912.8857,0.28
10930.7822,-0.96
10949.2148,-1.81
10968.9082,-0.66
10988.5869,-0.12
11006.1572,-0.27
11023.7334,0.30
11041.7080,-0.08
11060.0918,-1.45
11078.5186,-1.14
11097.5898,-0.47
11116.6689,-1.41
11136.4746,-1.62
11156.5488,-0.93
11175.1875,0.37
11192.2822,0.53
11209.3838,0.18
11227.6016,-0.29
11245.9404,-2.15
11264.5518,-0.61
11283.4590,-0.32
11302.1328,-0.95
11318.9443,1.29
11335.7520,1.11
11353.6064,-1.77
11372.5303,-0.78
11391.5273,-1.59
11410.9902,-0.77
11430.4473,-0.37
11448.0908,0.42
11465.3408,0.14
11482.4912,0.79
11499.3379,0.28
11516.1816,-0.73
11534.6416,-1.33
11554.0088,-0.92
11573.4229,-1.16
11592.9346,-1.15
11612.4434,-0.19
11630.7852,-1.05
11649.1289,0.01
11667.3623,-1.06
11685.5176,0.07
11703.7500,-1.29
11722.7441,-0.50
11741.7461,-0.88
11760.4072,0.07
11778.9531,-1.30
11798.4639,-2.48
11819.9482,-1.85
11841.3965,-2.09
11862.6777,-1.86
11883.9570,-2.11
11905.2725,-1.84
11926.5986,-2.78
11949.4121,-2.64
11972.2861,-1.69
11993.3936,-1.99
12014.4326,-1.96
12036.7266,-3.02
12059.3008,-2.57
12082.4902,-2.91
12105.8330,-4.44
12130.8604,-3.03
12156.1396,-2.97
12180.5840,-3.81
12204.7021,-2.63
12227.2490,-2.12
12249.9336,-3.61
12273.4033,-2.23
12297.4521,-4.23
12323.7012,-4.40
12349.8477,-3.49
12375.8887,-4.91
12401.6885,-3.17
12427.3848,-2.76
12452.1934,-4.10
12477.0107,-4.14
12503.2119,-3.86
12530.3105,-5.50
12559.3770,-4.91
12588.3926,-5.17
12617.3242,-4.65
12645.7383,-5.15
12673.4316,-3.88
12700.4229,-4.35
12727.2959,-4.19
12754.4102,-5.28
12784.1279,-5.53
12812.8379,-4.10
12840.6387,-4.74
12867.3994,-3.56
12894.1436,-4.41
12921.5732,-4.82
12949.6152,-5.04
12978.3389,-4.58
13005.3965,-3.85
13032.1680,-4.05
13058.9648,-4.61
13086.6318,-5.17
13115.4902,-4.70
13143.2520,-4.27
13170.4932,-3.47
13195.9873,-3.94
13221.9482,-4.60
13248.8369,-3.60
13274.8125,-3.57
13300.1768,-4.12
13326.6846,-4.28
13353.6670,-5.31
13383.1836,-5.06
13412.0430,-4.49
13440.2119,-4.92
13467.7861,-3.97
13494.8799,-2.76
13519.9131,-4.46
13545.5420,-3.88
13572.4082,-4.83
13600.4316,-4.98
13629.2363,-5.06
13658.3955,-5.03
13686.9766,-4.18
13714.5898,-4.78
13742.3896,-4.43
13770.2178,-3.06
13796.3457,-5.07
13822.4404,-3.15
13848.4473,-4.60
13875.4268,-4.68
13903.4229,-4.23
13929.7461,-3.49
13955.6240,-2.82
13978.9863,-2.64
14002.4414,-3.24
14027.6934,-3.98
14053.2969,-4.05
14080.1504,-4.48
14106.1699,-3.27
14131.2773,-2.71
14155.6436,-3.00
14179.5664,-3.43
14204.5215,-4.14
14229.9482,-1.02
14251.6855,-1.93
14272.6641,-2.16
14294.8633,-2.69
14317.7021,-2.50
14340.8975,-2.96
14364.3115,-2.52
14390.0684,-5.32
14417.1270,-3.78
14441.9443,-2.71
14466.5557,-4.17
14493.4365,-4.17
14520.1777,-3.55
14546.5146,-4.59
14573.5322,-4.20
14601.2031,-5.42
14630.5674,-4.94
14659.8857,-4.22
14687.8242,-5.03
14715.8340,-4.44
14743.9121,-3.62
14770.2705,-4.04
14796.4482,-4.29
14823.0586,-3.62
14849.6504,-4.02
14876.2168,-4.25
14904.2490,-5.52
14933.3652,-2.30
14958.7334,-4.54
14984.2314,-5.10
15013.6973,-5.09
15042.2500,-4.05
15069.8320,-4.17
15097.3730,-4.50
15124.9482,-4.36
15152.9170,-4.76
15181.5762,-5.16
15211.2520,-5.72
15242.0713,-5.47
15273.1592,-5.66
15304.2441,-5.51
15335.3877,-5.74
15366.4971,-5.70
15397.4355,-4.75
15427.1318,-5.11
15456.5674,-5.35
15487.4111,-6.01
15518.2646,-5.19
15549.1982,-6.37
15581.1982,-4.80
15612.0059,-5.39
15641.9473,-5.25
15672.4775,-5.61
15703.0625,-5.32
15733.7461,-5.62
15765.1611,-5.82
15797.1064,-6.18
15829.6992,-5.39
15861.7119,-6.66
15894.1484,-5.91
15927.0967,-5.96
15959.8936,-6.46
15993.8545,-6.90
16028.6016,-6.76
16063.3047,-5.94
16096.1738,-6.10
16128.8203,-6.07
16161.6318,-6.22
16195.9795,-7.41
16230.9004,-6.44
16265.7949,-6.12
16299.1855,-6.76
16333.9238,-6.79
16368.9844,-6.75
16404.1270,-6.86
16440.2832,-8.15
16478.1836,-7.05
16515.8105,-7.44
16552.6055,-7.15
16589.1406,-6.82
16626.2930,-8.83
16665.4121,-7.37
16705.0781,-8.21
16744.4160,-8.11
16784.4961,-8.23
16825.2012,-9.00
16867.3789,-7.74
16907.0547,-7.80
16946.5059,-8.38
16986.0293,-7.38
17024.6406,-8.66
17066.1973,-7.40
17105.4863,-9.37
17148.0977,-8.50
17190.4863,-8.40
17232.6211,-9.11
17275.2285,-8.39
17317.6758,-9.08
17361.4199,-9.54
17407.1738,-9.47
17452.9473,-9.47
17498.7051,-9.70
17545.2012,-8.13
17586.3848,-8.97
17630.1895,-9.74
17675.6816,-8.90
17719.9141,-8.87
17764.0391,-9.54
17809.8027,-9.82
17856.7402,-9.64
17903.1504,-9.21
17948.5273,-9.25
17993.2168,-8.94
18037.4648,-9.18
18082.2305,-9.45
18128.0039,-9.41
18173.8340,-9.36
18219.4805,-9.51
18265.7422,-9.40
18311.7812,-10.35
18361.4863,-8.67
18404.7891,-9.26
18449.3281,-8.56
18493.4316,-9.92
18539.7207,-9.21
18585.9590,-9.61
18632.1836,-9.36
18677.9102,-9.02
18723.4492,-9.69
18769.0117,-8.84
18815.0078,-10.12
18862.0254,-9.34
18907.8262,-8.44
18952.5684,-10.43
19001.1602,-9.89
19048.7832,-8.52
19093.1367,-9.54
19139.2227,-9.34
19184.8809,-7.81
19225.7441,-9.55
19271.8945,-8.91
19317.1797,-9.96
19364.7051,-9.16
19411.0977,-9.75
19458.4141,-9.62
19506.4180,-10.19
19555.1719,-9.37
19602.9258,-10.19
19652.0020,-9.93
19700.2168,-8.94
19745.5742,-8.84
19789.5312,-8.53
19833.9238,-9.51
19880.9395,-10.43
19930.5176,-9.81
19979.2168,-9.40
20025.9492,-9.04
20071.9766,-9.46
20117.7188,-8.71
20163.3516,-9.79
20210.3184,-9.22
20257.0957,-9.53
20304.3652,-9.69
20352.4238,-9.72
20401.0352,-10.18
20450.2090,-8.92
20495.9707,-8.83
20540.7070,-9.31
20587.1621,-9.49
20634.5605,-9.65
20682.7129,-9.64
20730.7422,-9.03
20776.4121,-9.36
20823.2305,-9.41
20870.3926,-9.47
20917.7539,-9.39
20965.4648,-10.14
21014.8594,-9.25
21062.2578,-9.52
21109.1543,-8.74
21154.6133,-9.06
21201.1387,-10.02
21250.2695,-10.04
21299.6152,-9.20
21346.3184,-8.59
21390.1914,-7.92
21434.5781,-10.10
21482.3066,-9.71
21530.7148,-8.90
21577.6777,-9.64
21625.9883,-10.12
21675.7695,-9.57
21724.0586,-8.96
21770.1602,-8.72
21814.9258,-8.47
21859.1855,-9.42
21906.5254,-9.14
21953.1992,-9.60
22001.8184,-9.45
22049.8418,-9.82
22099.4609,-9.98
22149.8496,-9.67
22198.8359,-8.81
22244.4902,-10.04
22295.0820,-9.91
22345.2188,-8.36
22389.1641,-9.14
22435.8457,-9.41
22483.2734,-8.74
22529.3027,-9.22
22576.7812,-9.92
22625.6934,-9.00
22673.7930,-9.98
22723.0176,-9.36
22771.8242,-9.62
22820.5059,-9.39
22869.2500,-9.73
22918.4688,-9.55
22967.1543,-9.11
23013.8984,-8.43
23059.2910,-8.84
23104.0508,-8.23
23148.9297,-8.99
23194.9395,-9.19
23241.9062,-8.79
23288.9629,-10.25
23339.7246,-9.36
23388.4199,-8.95
23435.4512,-9.28
23483.0234,-8.69
23528.8184,-8.88
23575.1562,-9.05
23622.0527,-8.64
23667.7598,-8.95
23714.5371,-9.29
23762.5371,-9.36
23811.9004,-10.39
23864.0938,-9.95
23915.5000,-9.62
23965.4355,-9.52
24015.4004,-10.58
24069.1680,-9.68
24119.4922,-9.40
24168.3887,-9.05
24215.8613,-9.00
24263.4961,-9.76
24313.5820,-9.33
24362.8691,-10.07
24414.7129,-10.10
24466.8223,-7.98
24510.7676,-8.99
24558.2148,-9.90
24609.2773,-10.21
24662.0449,-10.06
24714.4180,-9.96
24766.2832,-9.89
24817.8145,-9.54
24867.9297,-9.84
24919.1250,-9.39
24968.8086,-9.83
25020.1719,-9.95
25072.0410,-9.83
25123.2617,-9.35
25172.9102,-9.35
25222.8418,-10.21
25275.8574,-10.48
25330.2500,-10.32
25383.5371,-9.54
25435.0898,-9.87
25486.5840,-9.84
25538.1875,-9.67
25589.2266,-9.54
25639.5664,-9.30
25690.2031,-10.19
25742.6035,-10.02
25795.1172,-9.53
25847.0078,-10.47
25899.9102,-8.93
25949.5664,-9.61
26000.4434,-10.20
26053.0547,-8.98
26102.5703,-9.85
26154.2695,-9.96
26206.6875,-9.17
26256.5742,-10.40
26311.1211,-9.96
26363.7383,-9.02
26412.6309,-9.94
26465.1465,-9.34
26515.5039,-9.59
26566.7988,-9.96
26619.8477,-10.19
26673.8535,-10.11
26726.7168,-9.05
26777.0234,-9.48
26827.7344,-9.72
26879.9844,-10.13
26933.0391,-9.59
26985.3164,-9.75
27037.3750,-9.70
27089.7832,-9.93
27141.9375,-9.22
27192.1699,-8.79
27240.1250,-8.28
27287.2500,-8.84
27332.8496,-6.91
27377.1953,-9.25
27425.3438,-9.03
27474.5488,-8.69
27523.3613,-10.51
27577.8301,-9.14
27627.7480,-7.86
27673.0137,-7.71
27717.0840,-8.61
27764.6152,-8.94
27813.7520,-9.40
27864.0508,-8.38
27911.5938,-8.81
27960.6719,-9.87
28013.5078,-10.22
28067.9941,-9.15
28118.6855,-9.42
28170.1895,-9.93
28223.8398,-9.42
28275.3613,-8.71
28323.7363,-8.89
28372.5723,-8.20
28418.7715,-7.84
28464.5195,-8.69
28511.9785,-8.61
28560.0449,-8.59
28608.3340,-8.87
28657.8711,-9.46
28708.7324,-9.14
28759.3203,-8.91
28809.4668,-9.27
28859.1074,-8.35
28907.8145,-8.88
28955.9531,-8.28
29003.8848,-8.72
29051.7754,-8.26
29098.8965,-8.10
29145.2129,-8.23
29191.8301,-7.39
29235.8301,-8.60
29282.7930,-7.55
29327.9727,-7.93
29374.7988,-9.42
29424.6348,-8.88
29474.4180,-8.42
29522.5469,-8.35
29570.1211,-8.42
29617.6895,-8.33
29664.7227,-7.82
29710.8398,-8.36
29758.2891,-8.90
29808.3535,-9.82
29862.1523,-9.44
29914.8301,-9.38
29967.4492,-9.85
30020.4102,-8.40
30070.8145,-10.03
30124.2676,-9.25
30176.6895,-9.19
30227.4238,-8.31
30277.3340,-9.94
30329.6777,-8.61
30380.3438,-9.06
30431.0781,-9.19
30482.6328,-9.19
30534.4375,-9.29
30586.1172,-8.88
30636.8418,-8.88
30687.2051,-8.87
30737.5547,-8.87
30787.9277,-8.87
30837.3281,-7.57
30883.7285,-8.69
30932.8809,-8.77
30982.8281,-8.52
31031.8613,-9.51
31085.4531,-9.93
31140.6797,-9.29
31193.6621,-9.47
31247.4180,-10.04
31302.6406,-9.42
31355.9746,-8.91
31407.5488,-9.07
31458.8652,-8.90
31510.9707,-9.87
31564.4492,-8.92
31618.1094,-10.36
31673.2285,-9.19
31725.0352,-7.50
31772.8711,-8.30
31821.0098,-8.88
31870.9727,-8.50
31919.3457,-7.07
31964.8340,-8.12
32011.5391,-6.90
32055.2773,-8.40
32103.8984,-8.64
32153.6250,-8.31
32202.9141,-8.81
32252.8555,-8.20
32301.7930,-8.38
32349.9863,-7.78
32398.5195,-9.02
32447.7891,-7.95
32496.4316,-8.09
32545.3184,-9.16
32597.5508,-9.77
32652.2148,-9.46
32706.5918,-9.31
32760.9102,-9.88
32815.9453,-9.24
32869.2109,-8.59
32920.7539,-9.25
32972.9453,-8.74
33023.8633,-8.18
33072.7930,-8.03
33120.7695,-7.93
33167.9531,-7.53
33214.8672,-8.06
33262.1484,-7.76
33309.1289,-7.48
33355.2930,-8.30
33404.3086,-8.06
33452.6211,-8.47
33502.3633,-8.14
33551.0898,-8.12
33599.3086,-7.72
33648.0156,-9.32
33699.2500,-8.10
33749.6367,-8.77
33801.2656,-9.53
33855.6289,-9.53
33910.8281,-9.53
33966.0586,-9.52
34021.3086,-9.52
34076.5430,-9.16
34130.0195,-8.53
34180.7656,-9.12
34234.1406,-8.97
34287.0430,-9.58
34342.3594,-9.08
34395.4219,-8.19
34445.1758,-8.03
34493.9297,-8.55
34544.6602,-7.39
34591.0703,-8.34
34640.3516,-7.75
34688.1055,-7.68
34736.1562,-8.48
34784.8047,-7.35
34831.9688,-7.40
34879.0938,-8.37
34927.8945,-8.04
34976.7500,-7.69
35023.9883,-7.03
35069.3750,-7.69
35116.7070,-8.41
35166.9570,-7.72
35214.3594,-7.09
35260.1953,-7.52
35307.3125,-8.18
35356.2852,-8.24
35405.9102,-8.06
35453.8516,-6.81
35500.8984,-8.52
35550.5195,-8.67
35601.5859,-7.81
35650.3281,-7.61
35697.8906,-7.89
35746.3633,-8.68
35798.3828,-8.18
35848.4102,-9.24
35902.9375,-7.97
35952.0195,-8.02
36001.2422,-8.08
36050.6719,-8.05
36100.8008,-9.07
36153.8320,-8.69
36206.2734,-8.54
36257.8398,-8.32
36308.2734,-7.84
36357.2188,-7.84
36406.0898,-8.09
36455.6445,-8.20
36505.5664,-8.05
36554.9922,-7.77
36604.4688,-8.44
36654.6719,-8.08
36704.7070,-7.95
36754.7539,-8.66
36806.6406,-8.84
36859.4375,-8.54
36911.2891,-8.17
36960.8945,-7.00
37007.1250,-6.63
37051.3633,-7.91
37100.3867,-7.88
37149.4570,-7.89
37197.5195,-6.62
37243.7148,-7.79
37290.0352,-6.84
37337.0938,-7.91
37384.0273,-6.84
37430.8398,-8.14
37479.5000,-6.85
37525.0859,-7.18
37570.6562,-6.04
37613.3398,-6.18
37655.6953,-6.27
37697.3945,-5.14
37737.1250,-6.41
37779.3281,-5.22
37818.6484,-4.66
37857.7188,-6.16
37898.8711,-7.17
37945.1172,-7.23
37992.1211,-7.86
38038.9141,-5.98
38081.9805,-5.50
38124.0781,-7.13
38168.7891,-7.25
38215.4414,-7.63
38263.0977,-5.83
38306.2227,-7.28
38350.5820,-6.29
38394.9766,-6.57
38439.1133,-7.03
38484.4219,-6.62
38528.8320,-6.39
38572.3047,-6.41
38615.6914,-6.34
38659.5195,-6.82
38704.3984,-7.18
38750.8477,-7.53
38798.3945,-6.15
38841.5781,-6.89
38886.3242,-6.59
38930.6836,-6.46
38976.0234,-7.78
39022.7617,-6.87
39068.5117,-5.95
39111.2344,-8.05
39161.1562,-7.73
39210.5312,-8.20
39261.2930,-8.05
39311.8086,-7.97
39362.1719,-8.20
39412.9141,-7.97
39463.3477,-8.03
39514.7539,-9.02
39569.0039,-9.20
39624.7969,-9.10
39679.8125,-8.18
39732.2891,-9.24
39787.2188,-7.83
39837.9180,-8.48
39889.7344,-7.74
39939.7812,-8.12
39989.6875,-7.20
40038.5508,-8.25
40088.5391,-7.74
40138.2930,-7.59
40188.3750,-8.63
40240.5078,-8.53
40293.4922,-8.41
40344.6562,-7.19
40393.5430,-7.54
40441.4102,-7.26
40490.3594,-8.54
40542.5703,-8.89
40596.8984,-8.72
40651.0938,-8.70
40705.2266,-8.82
40759.1953,-8.42
40812.0039,-8.14
40865.1484,-9.39
40919.6797,-8.15
40972.4219,-8.02
41023.1719,-7.77
41073.0273,-7.57
41123.3086,-8.58
41174.2188,-7.31
41222.5820,-6.45
41268.5273,-7.55
41316.6484,-7.58
41365.7305,-7.83
41415.8516,-8.57
41469.3281,-6.66
41515.5898,-8.83
41569.2031,-7.79
41620.0195,-8.73
41673.7695,-7.95
41724.9414,-8.22
41777.1836,-8.97
41832.4570,-8.36
41885.3594,-8.80
41940.1992,-8.74
41994.8242,-8.75
42049.6992,-9.06
42105.7656,-9.04
42161.1680,-8.22
42214.8008,-8.89
42268.1523,-7.52
42319.2695,-8.18
42370.8594,-8.36
42422.8047,-7.54
42472.7852,-7.55
42522.1875,-7.77
42572.6758,-8.46
42624.8398,-7.12
42673.6016,-8.52
42726.4883,-7.61
42776.5625,-7.94
42827.4922,-7.41
42876.2031,-6.75
42922.4609,-7.07
42969.4883,-7.02
43016.8047,-7.20
43063.7734,-6.62
43110.1172,-6.83
43156.8789,-7.51
43204.8594,-6.83
43252.4180,-8.03
43303.3516,-7.93
43354.0273,-6.47
43399.5273,-6.93
43446.5078,-7.36
43495.3125,-7.90
43546.0664,-8.06
43597.0898,-7.37
43646.6523,-7.57
43696.3242,-7.81
43746.0977,-7.22
43796.2344,-8.42
43848.7383,-8.68
43902.1836,-8.02
43953.5859,-7.94
44004.9023,-8.74
44058.3555,-8.66
44112.4062,-8.31
44165.9531,-8.82
44220.7422,-8.77
44276.0078,-8.44
44329.9648,-8.04
44381.8711,-7.04
44431.0469,-7.63
44481.8086,-8.73
44534.9688,-8.30
44588.0078,-8.46
44640.9766,-7.90
44692.2422,-7.57
44742.6680,-7.92
44793.7539,-7.80
44844.8242,-7.78
44895.5391,-7.57
44945.7812,-7.65
44996.1289,-7.75
45046.1680,-7.17
45095.0234,-7.12
45142.5430,-6.62
45189.4297,-7.04
45236.6836,-7.00
45284.1680,-6.92
45331.3555,-6.59
45377.3008,-6.79
45423.6797,-6.51
45469.9023,-6.97
45516.8398,-6.90
45562.1680,-5.27
45606.4023,-7.05
45651.8398,-6.19
45696.6992,-6.69
45742.3828,-5.44
45784.8477,-6.01
45827.0469,-5.35
45869.8086,-6.28
45912.3516,-4.25
45950.9570,-5.14
45991.8984,-6.03
46035.5586,-6.86
46080.4414,-5.80
46123.9727,-5.24
46165.1797,-6.38
46209.7617,-6.31
46253.8086,-6.12
46297.8125,-6.18
46341.4883,-5.70
46384.3516,-5.72
46426.6406,-4.85
46465.8281,-4.57
46503.7773,-4.03
46541.7500,-5.64
46583.0586,-5.51
46624.3125,-5.05
46665.5703,-5.68
46706.7891,-5.25
46748.3516,-6.58
46793.8125,-6.49
46839.5742,-6.86
46885.4414,-5.88
46930.0898,-6.44
46974.7695,-6.44
47019.8555,-6.17
47064.7266,-6.75
47111.0234,-6.80
47157.7344,-6.24
47202.5938,-6.44
47246.1719,-4.97
47289.3398,-6.67
47333.6016,-6.64
47380.2383,-7.15
47427.9141,-6.59
47474.2695,-6.97
47521.7969,-6.73
47568.6562,-7.00
47616.4492,-7.20
47663.9375,-6.24
47709.5664,-6.27
47755.2852,-7.13
47803.2578,-7.66
47852.4219,-6.65
47900.2695,-7.25
47949.9453,-8.94
48004.9102,-7.92
48057.9961,-8.02
48110.9883,-8.55
48164.9297,-7.94
48217.0703,-7.31
48267.7578,-7.99
48318.1914,-6.80
48366.5234,-6.63
48413.6953,-6.80
48460.9883,-7.31
48510.1289,-7.00
48558.3789,-8.51
48613.1289,-7.56
48663.7305,-6.93
48711.8320,-8.32
48765.5781,-8.17
48818.9648,-7.08
48867.3867,-7.01
48915.2656,-6.54
48962.3906,-7.57
49012.3008,-7.67
49063.2695,-7.59
49114.6094,-8.17
49166.7695,-7.28
49217.6055,-8.05
49269.4883,-7.64
49321.5430,-8.39
49374.6875,-7.36
49425.7578,-7.96
49477.1680,-7.16
49526.3398,-6.75
49574.6211,-7.54
49624.2930,-7.45
49673.0312,-6.10
49720.7617,-7.70
49770.2188,-7.67
49820.1133,-6.30
49868.6797,-7.67
49918.4375,-7.49
49969.7734,-8.18
50021.6250,-7.06
50070.9141,-6.64
50118.2812,-6.96
50165.8828,-6.50
50212.3320,-7.02
50260.7617,-7.53
50311.4062,-7.50
50361.8672,-7.06
50410.5820,-7.05
50458.0586,-5.64
50503.3242,-7.17
50551.1289,-7.43
50601.9258,-8.11
50652.4727,-6.25
50700.5898,-7.02
50748.6914,-7.48
50797.7109,-6.59
50846.2617,-7.50
50895.8438,-7.37
50945.4062,-6.69
50993.1172,-6.71
51040.8008,-7.84
51092.3438,-7.38
51142.7539,-7.38
51192.8867,-7.22
51242.3477,-6.95
51290.6719,-7.02
51339.1523,-6.77
51386.9727,-7.21
51435.7031,-6.61
51482.7852,-6.42
51528.4727,-5.98
51574.8008,-7.41
51622.4570,-6.57
51670.8984,-7.35
51718.8594,-6.11
51765.2383,-6.64
51811.3008,-5.49
51854.3594,-6.81
51901.3789,-6.26
51946.8125,-5.97
51989.6562,-4.62
52032.0547,-6.36
52074.9102,-5.24
52117.3633,-6.23
52162.7773,-7.27
52211.7422,-6.32
52258.2695,-6.86
52305.2383,-6.32
52351.8867,-6.75
52398.0625,-6.07
52443.0195,-5.66
52487.6367,-7.04
52534.5234,-5.97
52579.5000,-6.35
52624.8633,-5.28
52667.9922,-6.72
52713.3906,-6.11
52757.0664,-4.61
52799.2617,-6.11
52842.5742,-6.18
52887.6641,-6.62
52934.6328,-6.82
52982.1641,-6.33
53026.1523,-4.25
53067.4688,-5.75
53109.5156,-6.18
53153.2773,-5.08
53194.9180,-5.41
53236.6484,-5.03
53277.6445,-5.18
53318.3555,-4.95
53358.8828,-4.92
53399.0742,-4.99
53439.7344,-5.29
53482.0469,-6.18
53526.2422,-6.30
53571.4648,-6.08
53617.3125,-7.19
53665.6602,-6.87
53713.8750,-6.66
53760.9297,-5.54
53803.9766,-6.25
53848.4336,-5.54
53892.6523,-6.52
53937.7734,-6.25
53983.9922,-6.67
54030.5625,-6.50
54077.6055,-6.98
54124.9648,-5.66
54168.8594,-5.96
54213.0234,-5.83
54256.4062,-5.42
54300.6797,-7.04
54347.4922,-6.90
54395.8750,-6.86
54444.6133,-7.40
54494.5508,-7.40
54544.4648,-6.79
54593.7695,-7.62
54644.8203,-7.90
54696.9414,-7.37
54748.0000,-7.39
54797.0000,-5.94
54843.1797,-6.60
54889.7227,-6.76
54937.1484,-6.14
54982.2852,-5.79
55026.7773,-6.93
55074.3633,-6.82
55121.6289,-6.04
55168.1797,-7.05
55215.8203,-6.85
55263.6094,-6.34
55310.4023,-6.59
55358.3828,-7.81
55408.6914,-6.79
55457.5938,-6.77
55505.4531,-6.81
55553.6367,-7.19
55603.2070,-7.37
55653.9805,-7.91
55707.1992,-8.33
55761.3320,-7.32
55812.6211,-7.35
55863.8281,-8.13
55917.7344,-8.38
55971.2539,-6.75
56022.8438,-8.67
56076.2383,-7.37
56128.3242,-7.29
56177.8047,-6.52
56225.8945,-6.88
56275.2070,-8.08
56326.3906,-6.63
56375.6953,-7.00
56424.3750,-7.10
56473.8086,-7.21
56523.1641,-6.64
56570.9062,-6.46
56618.1289,-7.61
56668.9414,-6.52
56716.4766,-7.18
56766.1406,-6.36
56812.3203,-6.13
56857.9062,-6.56
56903.4688,-5.32
56948.1797,-6.83
56993.9883,-6.25
57040.5195,-6.37
57085.9570,-5.72
57129.7852,-5.20
57171.6367,-5.99
57215.6953,-4.97
57257.5781,-5.70
57300.1367,-5.58
57345.7344,-7.79
57394.6172,-6.66
57442.6914,-5.97
57487.7969,-5.75
57531.9258,-6.43
57578.1875,-6.61
57625.2734,-5.83
57669.0312,-5.23
57712.8438,-6.95
57760.0898,-7.16
57809.2812,-6.82
57857.2422,-6.23
57903.5781,-6.20
57948.9297,-5.97
57993.8555,-6.10
58038.6094,-5.25
58080.9844,-6.57
58126.7695,-5.28
58170.1914,-5.98
58212.1719,-4.42
58254.1523,-6.03
58296.5781,-5.03
58338.0938,-4.92
58379.2070,-5.86
58422.4062,-5.66
58466.8242,-6.42
58510.5430,-4.83
58552.1914,-4.60
58591.6016,-5.19
58633.2227,-5.44
58675.6953,-5.64
58717.8008,-4.89
58759.9961,-5.93
58803.2422,-5.80
58847.2344,-6.08
58892.1328,-5.78
58936.1328,-5.90
58980.2305,-5.80
59024.1211,-5.71
59067.4062,-5.41
59110.0117,-5.36
59152.6641,-7.08
59201.4883,-4.53
59241.6289,-6.16
59286.0508,-6.26
59332.9336,-7.30
59380.8594,-6.10
59425.8945,-4.82
59468.8672,-6.28
59513.5234,-6.55
59560.2266,-6.19
59605.9297,-5.85
59650.5000,-7.15
59699.7461,-6.90
59747.4883,-5.32
59791.0938,-5.90
59834.8750,-5.92
59879.0469,-5.72
59924.5000,-7.27
59972.4023,-6.35
60019.9414,-6.78
60067.6875,-6.67
60115.7578,-7.25
60165.8398,-7.33
60216.3477,-6.92
60265.2930,-6.66
60313.1992,-7.48
60364.4062,-6.97
60413.5586,-6.25
60459.7383,-7.25
60509.8320,-6.73
60557.6719,-6.07
60602.8906,-5.79
60648.5039,-7.22
60697.0156,-6.91
60746.5742,-7.24
60796.9492,-7.52
60847.4961,-6.68
60896.0117,-6.45
60943.9102,-7.13
60993.8320,-7.77
61044.5195,-6.43
61093.6445,-7.13
61142.4531,-6.86
61191.7539,-7.09
61241.5508,-7.32
61292.2344,-7.39
61342.9297,-7.01
61394.0898,-8.11
61447.0469,-7.60
61499.2266,-6.96
61549.7539,-7.44
61601.1328,-7.77
61653.6953,-7.52
61705.6680,-7.26
61757.0195,-7.62
61809.3164,-7.77
61862.8750,-8.37
61918.7500,-8.22
61974.4961,-8.94
62033.2930,-8.17
62089.0234,-7.94
62143.5664,-8.05
62198.3867,-8.19
62254.2148,-8.60
62311.7188,-8.86
62370.5820,-8.57
62427.9570,-7.25
62479.7734,-8.91
62538.7383,-8.89
62598.1523,-8.85
62657.0703,-8.53
62714.7070,-8.24
62771.3164,-9.17
62832.2109,-9.47
62894.0898,-8.60
62952.7656,-8.41
63012.0156,-10.19
63079.1367,-9.27
63141.0586,-9.22
63202.9414,-9.41
63265.0312,-8.95
63325.6562,-9.30
63387.5469,-9.05
63448.2148,-8.83
63507.5664,-8.49
63563.9297,-6.68
63615.0000,-6.82
63665.7383,-8.34
63719.6562,-6.63
63770.9414,-8.87
63828.8789,-7.88
63883.6094,-7.86
63937.6680,-7.12
63989.0898,-7.45
64042.2695,-8.53
64100.1406,-9.08
64159.9023,-8.38
64218.4023,-8.78
64277.7773,-9.32
64339.8828,-8.71
64398.9492,-8.24
64456.7852,-8.82
64516.2852,-9.11
64577.2305,-8.40
64635.3750,-9.24
64696.7656,-8.30
64755.9609,-9.34
64817.4492,-9.01
64878.8672,-8.82
64939.0859,-8.89
64998.4062,-7.72
65053.8555,-7.72
65110.7930,-9.77
65173.0781,-8.36
65232.0664,-9.03
65293.1445,-8.67
65353.3438,-9.14
65415.3438,-9.42
65478.5625,-8.79
65539.4141,-9.56
65602.8359,-8.46
65663.0625,-9.00
65724.3047,-9.36
65787.8047,-9.59
65852.0625,-8.78
65913.8906,-9.29
65976.9297,-9.58
66041.9219,-9.48
66106.2969,-9.17
66170.1328,-9.81
66236.1953,-9.20
66299.2109,-9.11
66361.5312,-8.83
66423.0469,-9.04
66484.8203,-7.85
66541.3672,-9.71
66605.9922,-8.67
66667.1094,-8.46
66726.9688,-9.21
66789.8516,-9.23
66852.6562,-8.50
66913.3750,-9.01
66975.6250,-9.61
67040.9453,-8.82
67103.0547,-9.39
67167.1172,-9.26
67231.3516,-9.44
67296.0156,-8.86
67358.1406,-8.90
67420.6094,-9.40
67484.8984,-8.78
67545.8125,-7.81
67603.7422,-9.11
67665.8203,-9.12
67729.4297,-9.32
67792.9688,-7.12
67847.8203,-8.87
67908.3984,-8.60
67968.9219,-8.27
68028.5938,-9.06
68091.4844,-9.63
68158.1172,-9.51
68224.2500,-9.31
68289.4453,-7.79
68345.9219,-8.04
68403.3594,-7.92
68460.1641,-7.59
68516.5234,-8.15
68573.8828,-7.77
68631.1094,-8.60
68691.5391,-8.14
68751.1797,-9.42
68815.5547,-8.96
68879.3359,-8.92
68942.7031,-9.71
69009.4688,-8.85
69074.0078,-9.67
69140.8828,-8.75
69203.6875,-9.22
69268.0547,-8.99
69332.0000,-8.89
69394.4141,-7.26
69450.3672,-8.49
69510.6406,-8.80
69572.5234,-8.34
69632.2344,-6.91
69685.7500,-7.58
69741.4766,-7.27
69796.2891,-7.94
69854.1562,-8.07
69912.5703,-7.49
69969.2344,-7.69
70025.3594,-7.34
70080.8047,-7.72
70137.2266,-6.79
70189.5781,-6.66
70241.2734,-7.55
70296.4219,-6.28
70347.1953,-6.69
70398.6250,-6.61
70449.8828,-6.41
70499.5156,-5.20
70545.8750,-6.04
70594.0078,-5.61
70640.9922,-5.63
70687.8047,-5.05
70732.5703,-5.50
70778.7109,-5.53
70825.6016,-5.98
70873.1172,-5.41
70922.0703,-7.72
70976.4062,-7.27
71030.2500,-5.25
71078.4219,-7.09
71130.4922,-6.41
71181.5312,-6.21
71231.3203,-6.01
71280.3516,-6.04
71330.0547,-7.05
71383.3984,-7.19
71438.0156,-6.78
71490.7422,-6.88
71543.5234,-5.85
71592.4141,-6.71
71644.6250,-6.84
71697.4922,-6.65
71750.0625,-7.00
71803.6172,-6.90
71856.8203,-6.60
71909.6953,-7.09
71963.8594,-7.28
72018.7891,-6.94
72074.0547,-8.05
72132.0703,-7.05
72187.1719,-7.59
72244.2344,-7.30
72300.9219,-8.24
72362.87,-8.89
72426.08,-7.90
72486.28,-8.14
72546.88,-8.32
72608.30,-8.19
72668.74,-7.66
72727.26,-7.60
72785.02,-7.63
72842.85,-7.42
72899.48,-7.17
72955.60,-7.66
73011.97,-6.58
73066.10,-6.89
73119.42,-6.51
73172.02,-6.45
73225.09,-7.55
73280.54,-6.16
73332.70,-7.10
73387.26,-6.45
73439.54,-7.39
73495.48,-5.53
73544.63,-6.91
73598.15,-6.23
73649.64,-6.23
73700.62,-6.11
73751.65,-6.62
73803.73,-6.04
73854.45,-5.97
73902.83,-4.21
73947.32,-5.39
73994.03,-5.52
74041.90,-5.56
74089.90,-4.83
74135.20,-5.70
74182.82,-4.51
74227.62,-5.06
74273.88,-5.86
74321.52,-4.92
74368.17,-5.15
74414.06,-4.97
74459.32,-4.47
74502.55,-3.52
74543.44,-4.64
74587.23,-4.08
74629.61,-4.44
74673.95,-5.59
74720.84,-5.29
74768.27,-5.26
74815.85,-5.72
74863.96,-5.34
74912.68,-6.11
74961.69,-5.19
75011.16,-6.67
75062.73,-6.22
75114.44,-5.86
75164.71,-5.82
75214.69,-5.98
75265.18,-6.10
75316.04,-5.99
75367.54,-6.62
75420.62,-6.67
75474.13,-6.22
75527.07,-6.96
75581.68,-6.52
75635.71,-7.41
75693.32,-6.78
75748.80,-7.60
75807.89,-7.94
75868.15,-7.43
75926.47,-6.77
75982.08,-6.99
76037.83,-6.38
76090.91,-6.31
76143.87,-7.51
76201.99,-6.91
76258.08,-6.75
76312.42,-6.10
76365.05,-6.28
76419.48,-8.09
76477.77,-5.99
76531.49,-6.98
76586.77,-6.10
76638.92,-6.38
76692.25,-7.18
76749.42,-6.95
76805.52,-6.65
76860.79,-6.89
76915.71,-6.21
76968.87,-6.06
77020.83,-6.03
77072.64,-6.12
77125.36,-6.78
77178.80,-5.16
77228.80,-6.38
77280.83,-5.77
77331.75,-5.66
77382.30,-6.31
77435.44,-7.08
77492.34,-6.43
77546.39,-6.46
77600.94,-7.04
77657.68,-7.05
77714.67,-6.81
77770.50,-6.38
77825.13,-6.69
77880.08,-6.44
77934.54,-6.60
77989.44,-5.94
78041.27,-6.20
78094.45,-6.63
78148.91,-5.69
78200.18,-5.75
78252.40,-7.40
78309.68,-6.64
78364.29,-5.25
78414.92,-5.61
78465.40,-6.12
78517.63,-6.13
78569.60,-5.34
78619.98,-5.67
78670.02,-5.45
78719.32,-4.92
78767.39,-5.10
78816.68,-6.32
78868.11,-5.41
78918.97,-5.64
78969.40,-5.67
79021.81,-7.15
79076.47,-5.02
79127.20,-6.06
79178.20,-5.13
79228.33,-6.27
79279.67,-4.44
79326.86,-4.88
79373.62,-4.76
79421.44,-5.59
79470.38,-4.96
79520.26,-6.29
79570.99,-4.71
79620.72,-5.99
79669.82,-4.26
79716.24,-4.06
79762.08,-5.57
79810.45,-5.13
79859.90,-5.44
79909.99,-5.77
79960.92,-5.45
80010.77,-4.86
80058.95,-4.92
80106.60,-4.90
80153.27,-3.80
80198.49,-5.96
80249.02,-4.62
80296.81,-5.39
80345.93,-4.37
80391.91,-4.91
80439.66,-5.26
80489.02,-5.01
80537.35,-5.04
80585.72,-4.86
80633.13,-4.38
80679.18,-4.66
80726.18,-5.14
80773.98,-4.49
80820.94,-4.69
80868.63,-5.52
80917.50,-4.74
80966.48,-5.50
81016.05,-5.28
81065.36,-4.72
81114.07,-5.49
81164.08,-5.63
81214.65,-5.05
81263.56,-4.65
81310.09,-3.91
81355.08,-4.35
81400.97,-5.26
81449.98,-5.21
81498.97,-4.37
81545.28,-4.37
81591.03,-4.37
81636.92,-4.80
81683.03,-2.65
81724.66,-4.14
81766.97,-3.38
81810.48,-4.21
81854.51,-4.07
81899.09,-3.93
81943.42,-5.03
81991.86,-4.26
82037.39,-4.59
82083.62,-3.71
82128.08,-4.74
82173.70,-3.85
82218.38,-3.91
82261.15,-2.97
82302.57,-3.12
82343.35,-3.63
82385.79,-2.96
82426.81,-3.59
82469.20,-3.87
82511.71,-3.04
82554.43,-4.40
82598.70,-3.59
82641.84,-2.01
82679.60,-3.79
82721.38,-3.58
82763.31,-2.77
82804.43,-3.48
82846.16,-3.74
82889.40,-3.73
82932.31,-3.14
82974.44,-3.95
83016.03,-2.49
83057.29,-3.52
83098.01,-2.48
83137.17,-2.65
83176.39,-2.76
83215.91,-2.83
83255.28,-2.47
83294.13,-2.30
83332.76,-3.68
83374.83,-3.41
83417.36,-3.56
83460.43,-4.04
83503.44,-2.84
83544.89,-4.09
83589.32,-3.63
83632.20,-3.37
83674.68,-3.71
83716.28,-2.56
83756.46,-2.51
83796.14,-4.69
83842.59,-3.39
83885.10,-3.93
83928.76,-3.44
83970.30,-2.41
84011.68,-4.08
84053.99,-3.36
84097.09,-4.17
84141.94,-3.28
84184.40,-4.89
84231.46,-3.81
84276.48,-4.25
84322.04,-4.45
84367.27,-3.46
84411.01,-3.58
84454.52,-4.30
84499.51,-3.84
84543.97,-4.07
84588.88,-3.59
84631.81,-3.30
84674.46,-3.88
84718.63,-4.32
84765.08,-5.00
84812.61,-4.24
84858.24,-3.25
84902.82,-5.35
84951.34,-4.62
84999.28,-4.32
85045.87,-4.64
85093.45,-4.87
85142.02,-4.26
85187.62,-2.64
85229.18,-4.84
85275.85,-4.67
85323.70,-4.49
85371.13,-4.64
85419.40,-5.23
85467.76,-4.00
85515.35,-5.05
85563.70,-4.97
85613.15,-4.99
85661.99,-4.49
85710.04,-4.76
85758.88,-5.43
85809.58,-5.33
85860.64,-5.27
85911.49,-5.25
85961.51,-4.57
86010.16,-4.77
86058.78,-5.02
86107.56,-4.39
86156.61,-5.86
86208.29,-5.23
86259.86,-5.30
86310.98,-5.33
86361.87,-4.98
86412.92,-5.81
86465.54,-5.68
86519.18,-5.99
86573.83,-6.25
86629.75,-6.32
86685.53,-4.75
86735.40,-6.09
86790.24,-5.79
86844.16,-6.07
86898.84,-5.32
86951.92,-6.53
87007.78,-5.67
87063.12,-6.61
87120.96,-7.17
87182.13,-7.60
87246.05,-7.53
87309.76,-6.57
87368.07,-5.49
87423.10,-6.65
87480.84,-6.99
87541.26,-6.46
87599.33,-6.84
87657.58,-5.57
87714.20,-7.44
87773.63,-5.85
87830.63,-6.97
87890.56,-6.52
87948.52,-6.04
88004.30,-5.80
88058.91,-5.75
88114.14,-6.59
88171.78,-6.52
88229.79,-5.94
88285.91,-6.88
88345.53,-5.81
88401.20,-6.42
88459.30,-7.01
88518.37,-5.69
88574.45,-6.15
88630.63,-6.27
88687.61,-5.69
88741.86,-5.26
88794.09,-5.61
88847.46,-5.10
88899.35,-5.53
88952.11,-5.10
89005.10,-6.44
89061.89,-6.29
89118.81,-5.64
89174.12,-6.09
89230.18,-6.16
89286.44,-4.67
89336.43,-4.89
89386.87,-5.12
89438.34,-4.84
89488.66,-5.05
89539.94,-5.25
89592.45,-6.23
89649.56,-6.11
89705.06,-4.76
89756.82,-5.17
89808.44,-5.22
89860.99,-5.52
89913.45,-4.70
89963.23,-3.89
90011.55,-5.01
90061.99,-5.39
90114.85,-5.46
90168.27,-5.40
90221.69,-5.46
90273.65,-3.98
90324.04,-6.37
90379.63,-5.86
90435.59,-5.32
90488.73,-4.91
90539.84,-6.77
90600.48,-6.59
90660.24,-6.38
90718.98,-6.21
90776.70,-5.92
90833.03,-5.64
90887.80,-4.88
90938.97,-5.16
90991.42,-5.67
91046.39,-5.71
91101.14,-5.16
91155.50,-6.60
91213.17,-5.76
91270.36,-6.34
91328.02,-5.87
91384.62,-5.82
91440.72,-6.73
91499.66,-4.22
91550.40,-4.95
91601.99,-5.59
91656.78,-6.04
91713.76,-6.19
91770.63,-5.27
91825.31,-5.68
91880.25,-5.61
91935.07,-4.90
91986.99,-5.30
92040.40,-5.35
92094.17,-5.33
92148.18,-5.76
92203.96,-5.85
92260.07,-5.63
92315.21,-5.27
92367.78,-4.13
92418.29,-5.19
92470.66,-5.63
92524.79,-4.87
92577.31,-5.09
92629.06,-4.21
92679.45,-5.90
92734.47,-4.69
92785.87,-4.91
92837.64,-4.88
92889.34,-4.80
92940.72,-5.37
92995.19,-6.05
93051.45,-4.60
93103.82,-5.32
93156.98,-5.16
93210.86,-5.59
93264.34,-4.38
93315.04,-4.23
93364.40,-4.57
93414.25,-4.47
93464.64,-4.78
93517.03,-5.92
93572.01,-5.05
93625.57,-4.88
93676.42,-3.53
93725.17,-5.54
93777.86,-4.73
93829.61,-4.44
93879.97,-4.78
93931.34,-4.85
93983.11,-4.67
94034.10,-4.34
94083.75,-4.39
94133.33,-4.14
94182.09,-4.22
94231.80,-5.61
94286.36,-3.99
94335.00,-4.60
94385.83,-5.41
94440.42,-4.24
94489.67,-4.93
94542.12,-4.95
94594.75,-5.05
94648.56,-6.12
94705.11,-4.68
94757.12,-3.94
94804.57,-2.73
94848.69,-3.02
94892.68,-4.17
94941.20,-3.41
94986.93,-3.63
95033.77,-4.42
95083.44,-4.14
95132.43,-4.11
95181.60,-4.82
95233.57,-5.38
95288.26,-4.94
95341.08,-5.03
95394.45,-5.33
95448.86,-4.98
95502.10,-4.92
95555.35,-5.36
95608.96,-4.54
95661.34,-5.02
95714.35,-5.26
95767.38,-4.22
95818.85,-4.96
95871.43,-5.30
95923.68,-3.23
95972.27,-4.78
96023.93,-5.86
96079.34,-4.14
96130.17,-4.80
96181.80,-4.32
96231.77,-3.73
96279.99,-4.60
96331.20,-5.23
96385.31,-4.87
96438.05,-3.69
96485.79,-5.84
96543.02,-5.15
96597.23,-4.73
96648.96,-3.82
96698.75,-5.46
96752.36,-4.29
96804.03,-4.80
96855.49,-4.24
96906.44,-4.72
96958.09,-4.70
97011.40,-5.71
97064.92,-3.56
97115.91,-5.11
97167.23,-4.22
97218.23,-4.32
97268.36,-4.22
97318.54,-4.37
97368.76,-4.17
97419.64,-5.05
97472.44,-4.83
97524.65,-3.84
97575.18,-5.46
97629.36,-4.73
97682.42,-4.86
97735.06,-3.41
97782.53,-4.20
97832.45,-4.80
97885.14,-5.13
97939.62,-5.03
97993.61,-4.78
98045.95,-3.82
98095.20,-4.46
98145.99,-4.16
98196.92,-5.44
98250.82,-3.68
98301.64,-5.35
98355.28,-4.63
98408.24,-4.59
98459.35,-3.73
98509.38,-4.64
98559.54,-3.68
98609.75,-4.82
98662.33,-5.33
98717.48,-5.15
98772.07,-4.54
98825.32,-5.30
98879.88,-4.47
98932.62,-5.66
98989.80,-4.32
99040.95,-4.70
99093.70,-4.67
99147.21,-5.87
99205.23,-5.59
99262.59,-5.16
99317.88,-4.71
99372.00,-5.28
99427.17,-5.06
99481.99,-4.70
99535.03,-4.20
99585.96,-5.21
99641.21,-4.20
99692.05,-4.17
99742.69,-4.58
99795.04,-4.53
99848.13,-5.61
99903.93,-4.30
99957.25,-5.03
100010.47,-4.32
100062.33,-4.07
100113.72,-4.88
100166.27,-4.33
100217.86,-3.89
100268.68,-4.75
100320.96,-4.48
100373.78,-4.76
100426.31,-3.79
100476.82,-4.67
100528.82,-4.02
100579.99,-5.00
100634.16,-4.57
100687.10,-4.45
100739.34,-4.30
100790.88,-4.29
100842.23,-3.92
100892.51,-5.13
100947.75,-4.92
101002.85,-5.16
101058.33,-4.90
101112.52,-4.24
101164.82,-4.37
101216.02,-3.79
101265.68,-3.54
101314.72,-4.04
101363.11,-2.79
101410.18,-3.45
101458.38,-4.51
101509.27,-3.88
101560.92,-4.84
101613.92,-4.47
101667.35,-4.69
101720.31,-4.09
101772.44,-4.64
101825.28,-4.34
101877.75,-4.34
101929.93,-4.26
101982.19,-5.02
102037.54,-4.59
102091.10,-4.41
102143.74,-4.24
102196.11,-4.90
102252.17,-6.18
102311.62,-4.74
102367.90,-4.84
102423.12,-5.13
102479.28,-4.87
102534.71,-4.77
102589.64,-5.45
102647.18,-4.32
102701.69,-5.51
102759.58,-5.58
102818.78,-5.54
102877.74,-5.24
102935.40,-4.80
102991.00,-5.95
103052.15,-5.74
103113.35,-6.22
103175.19,-5.29
103234.47,-6.97
103301.87,-6.74
103368.19,-6.26
103432.90,-7.35
103502.79,-6.98
103570.94,-6.45
103636.65,-7.29
103705.47,-5.83
103769.62,-6.89
103836.12,-5.69
103897.55,-6.25
103960.65,-5.72
104022.25,-5.67
104083.48,-6.78
104150.07,-6.16
104212.47,-4.57
104270.33,-5.64
104330.17,-5.94
104392.41,-5.48
104452.53,-5.47
104512.29,-5.29
104571.97,-5.75
104632.95,-5.25
104691.82,-4.59
104747.61,-4.90
104804.40,-4.88
104861.11,-4.64
104917.66,-5.15
104975.42,-4.98
105032.73,-4.02
105085.95,-4.85
105143.07,-5.49
105203.51,-5.60
105263.83,-4.87
105321.85,-4.79
105379.05,-5.18
105437.81,-4.89
105495.12,-4.64
105551.52,-4.75
105608.38,-4.90
105666.17,-5.16
105725.10,-5.26
105784.72,-5.13
105843.87,-5.27
105902.02,-3.54
105955.56,-4.48
106010.62,-4.82
106066.94,-4.11
106122.00,-4.51
106177.62,-4.60
106233.79,-3.94
106287.17,-3.94
106340.39,-4.16
106394.38,-3.68
106446.75,-3.94
106499.35,-3.33
106550.42,-3.59
106601.29,-3.01
106651.42,-3.72
106703.57,-4.15
106758.92,-5.17
106817.56,-4.83
106876.10,-4.63
106933.30,-4.03
106987.75,-4.82
107045.90,-4.29
107102.59,-5.00
107161.89,-5.32
107222.79,-5.06
107283.07,-4.87
107342.59,-5.83
107406.15,-5.03
107467.73,-5.52
107529.85,-4.91
107589.96,-5.58
107653.49,-5.63
107717.31,-5.54
107781.28,-6.25
107848.86,-6.23
107917.02,-6.39
107985.94,-6.46
108055.51,-6.38
108124.94,-6.52
108195.23,-6.81
108267.46,-6.89
108340.46,-7.51
108416.49,-6.36
108487.42,-6.97
108560.74,-6.53
108632.37,-6.88
108705.04,-6.36
108776.27,-7.19
108850.75,-6.43
108922.13,-6.46
108993.60,-7.74
109071.79,-6.31
109143.21,-5.81
109210.99,-6.25
109280.35,-6.08
109348.84,-5.39
109416.03,-7.04
109489.70,-5.81
109557.15,-5.62
109623.76,-5.58
109690.10,-5.61
109756.42,-5.41
109821.60,-5.01
109885.32,-6.62
109957.47,-5.67
110024.51,-4.25
110084.96,-5.35
110151.15,-6.42
110221.89,-5.62
110290.06,-5.58
110356.04,-4.47
110418.55,-5.12
110482.43,-5.27
110547.87,-5.26
110613.82,-5.57
110681.00,-5.41
110747.35,-4.78
110811.37,-5.29
110876.50,-4.80
110940.18,-4.93
111004.83,-5.45
111071.29,-5.00
111136.48,-4.96
111200.33,-4.12
111262.68,-5.73
111330.42,-5.77
111399.52,-4.69
111464.65,-5.41
111531.57,-5.19
111597.73,-4.44
111661.58,-5.43
111728.75,-5.47
111797.26,-5.25
111864.70,-5.18
111931.60,-4.83
111997.09,-5.38
112065.50,-5.62
112135.06,-4.48
112198.58,-4.60
112263.04,-5.14
112330.09,-5.63
112399.56,-4.60
112464.12,-4.15
112526.88,-5.07
112592.34,-4.02
112653.52,-3.82
112714.30,-4.36
112777.16,-4.77
112842.52,-4.64
112907.49,-4.49
112971.49,-4.09
113033.82,-4.10
113096.52,-5.08
113161.87,-3.21
113221.70,-3.64
113281.09,-3.98
113342.42,-3.53
113402.59,-4.35
113466.18,-4.62
113531.17,-3.73
113592.12,-3.42
113652.36,-4.69
113715.96,-3.26
113775.62,-3.06
113832.83,-2.82
113888.92,-3.18
113946.72,-3.03
114003.81,-2.83
114060.24,-2.87
114115.63,-2.01
114169.93,-3.14
114226.59,-2.96
114283.93,-3.08
114341.70,-2.55
114397.95,-2.02
114452.09,-3.09
114509.46,-3.31
114568.58,-3.27
114627.45,-2.69
114684.11,-2.42
114740.44,-1.63
114791.62,-1.84
114843.84,-2.49
114899.21,-2.85
114955.52,-2.17
115010.42,-2.45
115063.61,-0.96
115115.29,-2.16
115168.84,-1.92
115222.67,-2.18
115275.70,-1.21
115327.01,-2.60
115382.15,-2.12
115436.44,-2.36
115491.70,-2.23
115546.22,-2.07
115599.25,-1.62
115651.87,-2.28
115706.75,-2.60
115762.14,-1.63
115815.00,-1.42
115867.57,-2.61
115922.37,-1.71
115975.71,-1.63
116028.55,-2.56
116084.56,-1.42
116136.18,-1.73
116189.19,-3.03
116247.53,-1.55
116300.10,-0.81
116349.66,-1.21
116399.64,-1.01
116449.59,-1.24
116499.92,-1.02
116550.34,-1.60
116602.26,-1.48
116654.08,-1.19
116704.37,-0.56
116753.57,-1.32
116804.58,-1.71
116855.94,-0.30
116904.74,-0.79
116952.86,-0.43
117001.11,-0.99
117051.11,-1.56
117101.81,0.04
117149.32,-0.56
117196.91,-0.50
117244.86,-0.56
117292.91,-0.32
117340.07,0.34
117384.73,-0.70
117433.48,-0.76
117482.46,-0.20
117529.60,-0.39
117577.12,-0.37
117624.01,0.39
117669.98,-0.50
117717.28,-0.51
117764.53,0.40
117810.91,-0.41
117857.32,0.09
117904.65,-0.87
117953.56,-0.65
118000.96,1.38
118043.83,0.73
118086.67,1.14
118128.98,0.05
118175.21,-0.90
118223.74,0.22
118270.79,-0.32
118318.50,-0.70
118366.38,0.43
118412.23,0.50
118456.47,0.70
118501.37,-0.49
118548.55,0.16
118595.22,-0.09
118642.57,-0.35
118690.68,-0.07
118737.72,0.75
118781.74,-0.19
118828.58,0.29
118874.35,0.41
118918.47,1.33
118962.13,0.16
119005.29,1.60
119047.93,0.56
119091.66,0.61
119136.02,0.32
119181.62,0.19
119227.30,0.72
119272.07,0.28
119317.42,0.30
119362.53,0.87
119407.94,-0.33
119454.74,0.12
119500.77,1.29
119543.95,0.67
119587.95,1.37
119630.09,0.28
119674.90,0.89
119718.52,1.25
119759.96,2.11
119800.93,0.76
119843.87,0.66
119888.32,1.13
119931.27,0.47
119976.59,0.11
120022.50,0.84
120066.74,1.13
120110.39,0.59
120153.26,1.98
120194.86,0.59
120239.05,1.90
120279.06,1.54
120320.28,1.25
120362.01,1.47
120404.43,0.79
120447.67,1.14
120490.67,1.38
120532.73,0.99
120576.27,0.71
120620.39,0.96
120663.88,1.28
120706.86,1.02
120749.88,1.12
120792.68,1.85
120833.26,1.31
120875.08,1.59
120916.69,1.42
120958.16,1.58
120999.33,1.87
121039.66,2.50
121078.41,1.15
121120.54,1.08
121162.06,2.49
121202.79,1.22
121244.21,1.39
121286.38,1.38
121328.40,1.55
121370.21,1.37
121412.01,1.55
121452.93,2.33
121492.39,1.87
121532.03,2.88
121570.36,1.68
121610.92,0.98
121652.68,2.23
121692.89,2.36
121731.73,1.67
121772.66,1.52
121814.02,1.69
121854.79,2.14
121895.00,1.46
121936.65,0.47
121982.32,1.24
122025.35,1.50
122067.89,1.09
122110.19,1.71
122152.42,1.23
122194.82,1.80
122237.10,2.06
122276.70,2.31
122316.39,1.72
122355.65,2.71
122394.68,2.18
122435.44,1.28
122477.89,1.66
122519.14,1.99
122559.87,1.73
122600.60,1.78
122641.44,2.06
122681.26,2.21
122720.76,2.06
122760.91,1.65
122801.00,2.53
122839.93,2.71
122877.69,2.34
122917.64,1.07
122958.30,2.44
122998.59,2.09
123038.05,2.14
123077.97,1.65
123118.27,2.32
123159.97,0.52
123202.02,2.45
123242.46,2.37
123281.46,1.74
123322.69,1.29
123363.62,2.55
123404.65,1.09
123446.17,2.20
123486.35,1.48
123527.10,3.01
123566.48,1.48
123607.06,1.30
123648.86,2.39
123688.49,2.73
123726.31,2.30
123764.95,2.32
123804.79,1.52
123845.08,3.12
123882.34,2.31
123921.38,2.04
123960.61,2.47
124000.24,1.62
124041.36,0.83
124085.54,2.51
124124.33,2.46
124162.85,2.33
124200.23,3.77
124235.39,2.50
124273.03,2.96
124309.36,3.66
124345.41,1.93
124384.84,2.48
124423.69,2.11
124462.10,2.92
124501.20,1.39
124542.38,1.54
124584.57,0.84
124628.41,1.85
124669.56,2.13
124710.93,0.87
124754.38,0.60
124799.05,1.71
124841.17,2.10
124880.67,2.73
124919.81,1.57
124959.57,2.23
125000.62,1.11
125043.48,0.81
125088.23,2.05
125129.01,0.92
125172.35,1.27
125214.90,2.01
125256.18,1.74
125297.26,1.44
125339.46,0.96
125383.32,1.90
125424.47,1.68
125465.25,2.03
125505.55,1.99
125545.83,1.14
125588.80,1.27
125631.79,1.33
125674.44,1.50
125717.17,1.08
125759.85,1.62
125803.10,0.59
125848.23,0.21
125894.48,2.09
125935.34,1.39
125977.98,1.08
126021.50,1.11
126063.77,2.28
126105.76,0.79
126148.10,2.14
126188.90,0.84
126233.47,0.91
126276.93,2.06
126317.73,2.06
126359.44,0.43
126403.33,1.11
126448.19,0.33
126494.47,0.49
126540.62,1.33
126583.49,1.16
126626.23,1.77
126667.51,1.91
126708.47,1.50
126749.21,2.39
126788.54,2.60
126826.68,2.14
126865.56,2.29
126903.68,3.21
126940.33,2.53
126977.69,3.18
127015.08,2.14
127052.56,2.79
127090.17,3.20
127126.25,2.65
127164.15,1.90
127203.22,2.16
127242.68,2.25
127281.38,2.61
127318.88,2.86
127357.12,1.66
127396.72,1.89
127437.05,2.08
127475.67,2.98
127512.26,3.33
127548.32,2.44
127585.74,2.77
127622.48,2.95
127659.96,2.04
127697.80,2.95
127734.85,3.59
127773.32,3.25
127810.37,2.81
127845.65,4.40
127878.51,3.36
127912.61,3.93
127946.63,4.32
127979.10,4.43
128012.79,3.36
128046.58,3.97
128079.42,3.20
128112.85,3.47
128146.77,3.26
128181.64,4.38
128215.27,2.56
128249.14,4.79
128284.42,4.00
128317.01,2.90
128348.90,4.08
128380.27,3.46
128411.51,4.79
128442.71,4.71
128474.04,4.06
128505.51,4.86
128537.06,3.84
128567.30,3.10
128598.18,3.66
128630.84,4.84
128662.31,5.46
128693.61,3.96
128726.07,3.34
128758.58,4.30
128791.02,4.59
128822.28,4.51
128854.98,3.16
128889.16,3.79
128921.88,3.88
128955.81,2.35
128990.86,3.52
129024.48,3.66
129057.61,4.61
129090.45,3.38
129124.66,3.12
129158.12,4.09
129191.06,3.80
129223.70,3.77
129255.54,4.56
129286.76,2.65
129322.67,2.98
129358.32,2.88
129393.26,4.35
129425.21,3.44
129458.60,3.06
129492.83,3.77
129525.97,3.26
129559.68,3.32
129593.65,3.46
129627.24,3.37
129661.29,3.08
129696.28,1.93
129734.17,2.42
129769.73,3.70
129804.18,3.31
129837.70,2.92
129872.62,3.08
129907.08,3.35
129941.25,2.31
129977.17,2.72
130013.20,2.91
130048.76,3.39
130083.05,1.57
130121.55,2.12
130158.45,2.82
130193.95,2.19
130231.13,1.91
130268.49,2.61
130305.08,2.75
130340.94,1.67
130380.00,1.64
130417.49,3.25
130455.67,0.77
130495.66,1.14
130536.90,2.15
130575.08,1.55
130614.38,1.34
130654.97,0.89
130696.53,1.04
130738.14,1.00
130779.90,0.81
130822.06,0.90
130865.42,-0.18
130909.95,0.42
130954.36,0.63
130997.77,0.46
131041.42,0.40
131085.27,0.77
131128.16,0.35
131172.68,-0.32
131218.58,0.40
131263.85,0.49
131308.35,0.07
131352.51,0.75
131396.18,-0.23
131442.16,-0.12
131488.38,-1.67
131541.49,-1.17
131592.30,-0.69
131641.15,-1.13
131691.68,-1.09
131742.29,-1.59
131794.98,-1.52
131847.68,-1.76
131901.23,-1.78
131954.60,-1.38
132008.43,-2.85
132065.99,-2.60
132123.28,-1.52
132176.91,-1.66
132229.66,-1.33
132281.80,-2.10
132336.80,-2.32
132393.30,-2.28
132449.76,-3.15
132506.50,-2.13
132563.55,-3.14
132623.91,-3.27
132687.15,-2.73
132746.49,-3.46
132808.79,-3.27
132871.34,-3.74
132935.42,-3.55
132999.57,-4.35
133067.17,-4.13
133133.98,-3.03
133194.97,-3.21
133258.03,-4.71
133327.20,-4.68
133397.13,-3.57
133461.26,-2.99
133524.19,-3.70
133588.27,-4.48
133657.97,-4.80
133729.47,-5.32
133802.56,-3.66
133869.86,-5.02
133941.30,-4.84
134013.56,-5.18
134087.38,-5.70
134163.98,-4.65
134235.94,-5.61
134312.91,-5.48
134389.48,-5.47
134466.33,-5.89
134545.25,-5.79
134623.97,-5.76
134703.02,-6.31
134785.16,-6.07
134866.40,-6.29
134949.22,-6.88
135036.17,-8.34
135124.21,-6.99
135213.35,-7.66
135306.88,-7.77
135401.93,-7.73
135496.88,-7.80
135592.54,-7.15
135691.10,-6.83
135779.35,-8.01
135875.63,-7.47
135967.96,-6.54
136055.32,-7.39
136147.36,-8.39
136247.78,-7.89
136345.20,-8.48
136447.40,-8.73
136552.17,-8.77
136656.10,-8.27
136751.80,-8.51
136853.41,-8.12
136953.35,-8.46
137055.78,-8.68
137158.86,-7.44
137253.47,-7.46
137347.40,-8.28
137447.74,-8.11
137547.29,-7.77
137646.82,-8.35
137743.42,-8.59
137847.03,-8.19
137947.48,-7.77
138046.02,-8.33
138147.46,-8.06
138247.23,-8.49
138350.50,-8.53
138453.82,-7.93
138553.56,-8.85
138659.46,-9.01
138763.28,-8.78
138870.26,-9.43
138982.88,-9.07
139092.83,-8.94
139201.45,-9.32
139310.05,-8.77
139416.94,-8.54
139521.96,-8.57
139627.19,-8.85
139734.99,-9.14
139845.50,-8.48
139950.77,-9.13
140059.96,-8.01
140162.58,-9.19
140272.88,-9.11
140383.65,-8.47
140488.48,-8.22
140590.87,-9.06
140701.09,-8.67
140808.61,-9.02
140918.76,-9.13
141030.36,-9.17
141142.36,-8.76
141250.49,-8.84
141358.75,-8.38
141464.06,-8.81
141572.75,-9.33
141686.05,-8.00
141787.25,-7.95
141887.69,-8.51
141993.29,-7.82
142093.02,-8.42
142198.10,-8.78
142307.17,-9.29
142420.06,-8.61
142528.09,-8.71
142636.14,-8.15
142739.05,-8.27
142842.79,-7.66
142941.32,-8.23
143045.28,-8.91
143155.51,-8.84
143265.85,-9.04
143376.92,-8.04
143479.47,-7.50
143577.68,-8.51
143683.99,-9.10
143796.41,-8.35
143902.93,-9.09
144015.04,-8.87
144125.39,-8.07
144228.57,-7.64
144328.15,-8.30
144432.80,-8.34
144538.46,-8.47
144645.23,-7.93
144747.64,-8.47
144854.23,-8.27
144959.24,-7.91
145062.60,-8.96
145173.00,-8.22
145278.53,-8.10
145382.28,-7.92
145484.73,-8.99
145596.97,-8.39
145704.63,-8.80
145815.93,-9.29
145931.56,-8.82
146042.80,-7.38
146140.73,-8.09
146244.91,-8.48
146352.70,-8.33
146459.11,-7.97
146562.89,-8.18
146664.92,-6.82
146753.33,-8.33
146857.01,-7.65
146958.27,-7.90
147060.22,-7.54
147160.69,-8.26
147266.55,-8.62
147376.29,-8.78
147487.93,-8.87
147600.45,-8.49
147710.05,-8.80
147821.11,-8.07
147926.04,-7.33
148024.48,-7.35
148123.27,-8.20
148227.97,-7.66
148327.01,-7.15
148424.23,-7.94
148527.38,-8.15
148633.21,-8.38
148741.38,-8.31
148848.56,-7.65
148950.67,-8.14
149056.53,-8.31
149163.91,-8.09
149270.29,-8.49
149379.13,-7.86
149483.10,-7.86
149586.36,-6.91
149681.76,-7.84
149784.28,-6.92
149879.69,-7.14
149976.26,-7.00
150072.01,-6.96
150167.30,-6.92
150262.65,-7.17
150359.52,-7.04
150456.37,-7.55
150556.77,-7.55
150657.50,-7.31
150756.83,-7.53
150857.41,-7.43
150957.80,-7.66
151059.95,-7.77
151162.85,-7.42
151263.09,-7.16
151362.24,-8.11
151466.83,-7.01
151565.24,-7.60
151666.72,-7.70
151769.62,-7.65
151872.44,-7.76
151976.19,-7.81
152080.58,-7.93
152185.98,-7.61
152288.60,-7.43
152389.48,-7.66
152492.51,-7.40
152593.06,-7.17
152689.37,-7.45
152790.71,-8.14
152897.50,-7.83
152991.10,-7.88
153096.36,-7.88
153202.22,-8.07
153310.43,-8.65
153422.81,-7.91
153529.74,-7.89
153635.79,-7.64
153741.13,-7.97
153848.38,-8.36
153960.09,-9.10
154078.44,-9.00
154196.16,-8.03
154304.79,-8.19
154414.54,-8.43
154526.69,-8.63
154641.09,-9.28
154762.49,-9.03
154881.66,-8.72
154997.75,-9.09
155117.23,-8.93
155235.39,-8.48
155348.89,-8.53
155463.60,-9.25
155584.38,-8.36
155697.02,-8.38
155809.76,-8.62
155925.00,-8.99
156044.35,-9.92
156174.46,-10.03
156306.11,-9.58
156436.08,-8.78
156553.92,-8.96
156673.80,-9.61
156799.40,-8.53
156915.27,-8.94
157031.77,-8.77
157149.25,-8.64
157266.61,-9.52
157391.97,-9.16
157513.31,-8.27
157627.02,-8.41
157741.52,-8.82
157855.97,-8.48
157971.50,-9.04
158091.86,-8.95
158192.98,-9.02
158292.68,-9.73
158396.62,-9.07
158496.96,-8.11
158607.08,-7.92
158712.90,-7.57
158813.38,-7.29
158911.21,-6.06
159010.30,-6.52
159104.70,-5.74
159200.15,-6.86
159298.05,-7.49
159386.75,-6.99
159490.19,-6.93
159588.11,-7.30
159691.68,-7.38
159795.89,-7.58
159897.37,-7.96
160002.24,-7.46
160106.21,-7.47
160208.88,-7.39
160323.39,-7.70
160432.21,-7.57
160539.02,-7.57
160643.55,-8.17
160756.11,-8.02
160867.92,-8.10
160980.62,-8.23
161097.39,-8.00
161210.30,-9.04
161329.57,-8.87
161443.49,-8.13
161558.41,-7.24
161662.78,-6.93
161763.84,-7.54
161876.68,-6.73
161974.20,-6.62
162076.83,-6.39
162177.84,-6.47
162277.77,-6.21
162375.33,-6.91
162475.81,-6.17
162570.00,-7.32
162671.68,-7.82
162774.87,-6.83
162877.02,-6.97
162979.02,-6.88
163080.44,-6.92
163182.40,-7.45
163289.11,-7.12
163393.18,-8.58
163505.99,-8.52
163622.80,-7.40
163730.50,-7.12
163835.49,-8.40
163952.94,-9.28
164074.02,-8.93
164197.89,-9.49
164327.68,-9.12
164453.36,-8.38
164571.96,-8.62
164692.16,-8.75
164813.84,-8.54
164933.53,-8.25
165050.91,-9.19
165176.90,-8.92
165297.25,-8.64
165417.21,-7.77
165529.99,-8.19
165646.16,-8.73
165767.76,-8.39
165886.54,-8.19
166002.68,-8.00
166118.58,-9.08
166244.85,-8.54
166358.39,-8.15
166473.60,-7.63
166585.04,-8.60
166705.86,-8.34
166824.45,-8.88
166941.45,-7.38
167050.09,-7.61
167160.56,-7.54
167270.75,-7.56
167380.35,-7.34
167481.76,-6.98
167586.25,-7.95
167700.30,-7.41
167809.47,-7.16
167915.27,-6.32
168015.21,-6.79
168116.65,-6.06
168213.28,-5.83
168308.97,-6.76
168413.05,-7.09
168515.76,-6.46
168616.22,-6.68
168719.12,-8.14
168830.35,-7.89
168937.37,-6.46
169037.52,-6.58
169138.66,-6.49
169239.08,-6.79
169342.63,-7.53
169453.34,-7.63
169565.09,-7.54
169675.45,-6.64
169778.28,-6.59
169880.75,-8.03
169996.22,-7.65
170109.40,-7.91
170225.84,-8.13
170343.25,-8.31
170456.88,-8.12
170569.22,-8.27
170682.07,-8.12
170799.11,-8.18
170915.50,-8.44
171035.62,-8.56
171156.54,-8.13
171275.38,-8.28
171394.94,-7.40
171505.34,-6.97
171609.92,-6.55
171711.65,-6.03
171810.25,-6.64
171911.82,-5.92
172008.90,-5.84
172105.57,-6.68
172208.27,-6.10
172308.25,-7.10
172414.67,-6.76
172520.35,-7.45
172631.56,-6.71
172748.74,-7.46
172861.26,-7.64
172975.64,-8.46
173097.28,-7.40
173210.29,-8.14
173328.58,-7.61
173443.04,-8.17
173564.64,-8.18
173685.23,-8.70
173811.07,-8.32
173933.42,-8.07
174052.70,-7.99
174171.28,-8.12
174291.02,-7.81
174410.30,-8.38
174528.41,-7.56
174642.74,-7.98
174760.52,-7.37
174873.75,-7.87
174990.85,-8.41
175113.36,-7.46
175227.74,-7.62
175342.69,-7.95
175461.49,-8.15
175582.48,-8.89
175712.01,-8.87
175841.95,-9.23
175975.71,-8.60
176103.00,-8.53
176229.25,-8.68
176357.30,-8.87
176487.41,-8.28
176610.21,-8.28
176727.95,-8.11
176848.35,-6.94
176958.00,-6.79
177064.61,-5.61
177165.03,-6.33
177268.14,-6.84
177375.16,-6.76
177478.13,-6.61
177584.24,-7.93
177700.73,-5.84
177801.12,-5.71
177898.52,-5.40
177993.81,-5.99
178095.48,-5.85
178194.86,-6.32
178298.39,-6.54
178404.20,-6.69
178510.56,-5.93
178612.71,-7.00
178722.15,-6.92
178832.31,-7.05
178943.87,-7.46
179060.36,-8.03
179182.42,-8.68
179307.78,-8.16
179432.47,-8.83
179562.13,-8.58
179694.34,-8.20
179818.61,-7.13
179933.56,-8.95
180062.66,-8.39
180190.69,-7.47
180309.00,-8.26
180434.81,-8.60
180565.71,-8.68
180697.67,-9.02
180829.29,-8.10
180956.06,-8.49
181085.85,-8.29
181214.64,-9.00
181350.54,-8.79
181484.37,-8.32
181602.64,-9.08
181729.28,-9.06
181868.11,-8.55
182000.80,-9.24
182132.54,-8.89
182269.30,-8.02
182407.78,-8.51
182533.53,-8.41
182662.72,-8.84
182798.21,-8.74
182929.21,-8.84
183062.43,-8.77
183195.26,-9.23
183331.57,-8.32
183461.43,-9.26
183597.68,-9.20
183739.84,-8.84
183877.17,-8.31
184009.06,-8.55
184143.08,-8.35
184275.78,-9.04
184415.96,-8.82
184554.18,-8.43
184688.18,-9.15
184831.10,-8.66
184967.92,-8.35
185101.01,-7.87
185228.55,-7.51
185352.96,-8.50
185487.49,-8.41
185621.86,-8.22
185754.59,-8.34
185888.45,-7.89
186017.04,-7.84
186145.20,-7.77
186272.59,-7.65
186398.05,-7.69
186512.46,-7.33
186633.77,-6.47
186747.92,-7.03
186866.91,-6.75
186983.86,-6.63
187099.43,-6.63
187213.80,-5.54
187319.62,-5.62
187425.08,-5.83
187532.08,-5.09
187632.92,-5.02
187732.50,-4.38
187826.40,-3.89
187916.37,-4.32
188009.06,-4.03
188101.98,-5.69
188207.41,-5.69
188314.39,-5.64
188421.57,-5.57
188528.47,-6.58
188644.20,-6.12
188756.60,-6.20
188871.96,-6.62
188989.36,-5.45
189095.21,-6.11
189207.23,-6.11
189320.41,-6.73
189439.25,-6.73
189558.41,-6.27
189673.87,-6.51
189791.18,-6.66
189911.43,-7.43
190039.01,-6.31
190155.29,-6.71
190275.63,-7.02
190400.39,-7.99
190535.98,-8.01
190671.90,-7.08
190799.20,-8.06
190936.15,-6.97
191061.40,-7.18
191188.48,-7.27
191316.50,-6.74
191439.60,-6.91
191563.54,-6.28
191682.22,-6.93
191805.57,-5.48
191916.53,-5.74
192025.56,-4.75
192126.87,-4.94
192230.54,-4.67
192332.48,-4.77
192435.47,-6.51
192555.87,-5.96
192672.45,-6.64
192794.68,-6.17
192912.71,-6.02
193028.83,-5.43
193139.70,-6.58
193263.63,-7.47
193396.15,-6.60
193520.51,-6.75
193645.85,-6.81
193769.64,-6.99
193897.45,-6.22
194019.10,-7.26
194149.40,-5.95
194268.64,-6.79
194394.53,-6.20
194515.20,-6.21
194635.71,-5.98
194753.67,-5.67
194869.91,-6.57
194993.69,-5.34
195105.27,-4.88
195213.30,-5.35
195324.42,-5.06
195433.88,-5.05
195545.48,-5.35
195641.75,-4.47
195742.78,-5.15
195852.63,-4.91
195960.94,-4.93
196067.99,-3.80
196168.07,-4.96
196274.90,-4.56
196377.64,-4.90
196482.82,-4.39
196579.29,-4.81
196686.04,-4.59
196791.59,-4.20
196893.44,-3.96
196993.14,-3.87
197091.97,-3.68
197189.19,-3.20
197282.30,-3.43
197377.34,-3.57
197473.61,-3.57
197568.64,-3.00
197656.14,-2.76
197745.34,-3.10
197837.64,-2.92
197928.56,-2.86
198018.89,-2.67
198107.50,-2.16
198193.02,-2.60
198281.72,-3.61
198376.03,-2.58
198465.41,-2.74
198554.01,-1.71
198636.50,-1.81
198715.02,-2.29
198800.28,-2.86
198890.81,-2.51
198978.77,-2.19
199064.66,-2.25
199150.84,-2.38
199237.93,-2.04
199322.99,-2.46
199410.42,-2.17
199496.55,-2.28
199583.29,-2.64
199672.90,-2.68
199761.50,-1.37
199842.91,-1.73
199925.53,-1.93
200009.94,-2.29
200096.31,-1.65
200179.37,-2.55
200268.32,-2.63
200358.35,-2.43
200447.88,-2.47
200536.85,-2.41
200624.18,-1.73
200708.42,-2.21
200794.88,-2.13
200881.40,-2.26
200968.91,-2.29
201055.81,-1.42
201137.77,-3.17
201233.02,-2.51
201323.51,-2.10
201408.79,-1.78
201492.84,-1.68
201576.81,-2.50
201666.59,-2.94
201759.97,-2.94
201854.21,-3.22
201950.24,-2.92
202044.91,-3.88
202147.22,-3.70
202248.57,-3.69
202349.50,-3.24
202447.30,-3.69
202548.88,-4.33
202656.05,-4.14
202761.63,-3.58
202864.19,-4.67
202974.79,-4.93
203089.07,-4.71
203200.94,-4.22
203309.94,-5.14
203426.42,-4.11
203534.14,-4.74
203647.03,-4.82
203760.59,-4.48
203871.22,-4.21
203979.96,-4.92
204097.05,-4.78
204210.51,-4.09
204318.55,-4.34
204427.84,-4.02
204537.40,-3.34
204637.44,-3.93
204743.29,-4.54
204854.46,-3.97
204960.51,-3.31
205061.47,-3.43
205163.67,-3.35
205264.41,-3.40
205365.24,-3.40
205465.31,-2.67
205561.83,-3.89
205665.20,-3.00
205763.59,-3.02
205861.57,-3.41
205962.55,-3.53
206064.71,-3.29
206165.81,-3.24
206265.64,-3.01
206363.72,-2.60
206458.14,-2.22
206551.56,-3.06
206649.43,-3.23
206748.79,-2.75
206845.18,-3.77
206949.26,-2.98
207047.50,-2.89
207144.50,-2.94
207241.94,-3.08
207340.62,-3.27
207441.10,-2.76
207537.09,-2.98
207634.47,-2.46
207723.51,-2.39
207815.47,-2.29
207908.01,-2.87
208003.91,-2.35
208097.37,-2.41
208190.27,-2.19
208281.48,-2.62
208376.01,-2.61
208470.86,-2.74
208565.70,-1.95
208655.37,-1.69
208742.70,-2.24
208834.05,-2.38
208926.02,-1.64
209013.15,-1.67
209100.38,-2.32
209191.96,-1.80
209280.33,-2.53
209373.59,-2.19
209464.08,-1.40
209550.36,-2.39
209642.22,-1.46
209728.06,-2.24
209817.94,-1.35
209903.50,-1.77
209990.59,-1.49
210075.56,-1.84
210157.30,-0.24
210234.38,-1.39
210318.62,-1.55
210403.83,-1.27
210487.55,-1.29
210571.50,-2.21
210657.64,-1.80
210745.52,-2.43
210838.26,-2.01
210926.96,-1.12
211009.92,-1.11
211092.26,-1.76
211179.75,-2.33
211270.07,-1.07
211353.56,-1.39
211437.58,-2.06
211527.34,-2.05
211616.18,-2.48
211700.88,-2.01
211785.85,-2.34
211877.57,-2.03
211966.95,-1.74
212054.57,-2.01
212143.33,-1.50
212229.40,-2.75
212323.59,-2.14
212415.06,-2.62
212508.98,-2.59
212602.59,-2.27
212691.51,-1.81
212779.11,-1.99
212867.77,-2.00
212957.10,-2.30
213048.09,-1.89
213136.43,-1.58
213222.87,-2.38
213313.82,-1.96
213402.92,-1.93
213491.44,-2.75
213583.31,-2.70
213678.46,-3.02
213775.21,-1.98
213864.29,-1.41
213949.33,-1.76
214036.09,-2.67
214126.86,-2.50
214219.10,-1.86
214308.39,-2.59
214401.17,-2.09
214491.25,-1.81
214579.87,-1.98
214667.48,-1.92
214755.50,-1.83
214842.78,-1.39
214924.22,-2.25
215011.30,-1.00
215093.09,-1.39
215176.32,-1.17
215258.47,-1.77
215341.56,-1.64
215427.75,-1.70
215513.82,-1.46
215598.84,-2.25
215686.51,-2.01
215775.50,-2.51
215865.62,-2.22
215956.43,-2.39
216048.53,-2.50
216141.70,-2.90
216238.39,-3.19
216337.82,-2.82
216433.94,-2.89
216530.57,-2.78
216626.57,-2.95
216724.55,-3.72
216828.31,-3.72
216930.47,-4.04
217038.20,-4.11
217147.06,-4.00
217255.48,-4.45
217367.12,-4.00
217475.13,-3.50
217579.58,-4.87
217695.95,-4.77
217812.26,-4.66
217927.29,-4.23
218038.50,-5.39
218162.74,-5.88
218291.67,-5.00
218411.63,-5.25
218533.93,-5.45
218659.82,-5.16
218781.98,-5.23
218904.05,-4.80
219022.22,-4.96
219140.01,-5.88
219269.81,-5.51
219393.56,-5.08
219515.07,-5.29
219637.42,-6.11
219771.27,-5.98
219904.18,-6.08
220039.88,-5.69
220169.75,-6.34
220306.44,-6.34
220444.28,-6.89
220589.13,-6.52
220729.55,-6.92
220874.86,-6.74
221018.74,-6.96
221165.77,-7.47
221318.89,-7.03
221469.22,-8.77
221638.70,-8.16
221809.46,-7.38
221962.84,-7.01
222113.18,-7.57
222275.61,-8.08
222441.00,-8.20
222609.30,-8.16
222776.86,-8.07
222946.98,-8.72
223118.99,-8.15
223286.96,-8.70
223459.94,-7.99
223627.35,-8.69
223804.40,-8.57
223977.25,-8.65
224154.52,-8.08
224324.64,-8.56
224501.03,-8.07
224669.27,-7.98
224837.83,-8.01
225003.38,-7.46
225165.21,-7.76
225331.11,-7.96
225499.44,-6.52
225649.09,-6.64
225799.00,-6.36
225944.22,-6.02
226085.07,-5.19
226215.22,-4.55
226342.16,-6.13
226488.87,-5.75
226627.85,-6.53
226773.83,-6.24
226917.85,-5.78
227059.70,-6.48
227211.34,-6.43
227362.86,-7.36
227526.01,-7.57
227691.88,-7.77
227862.43,-7.21
228026.48,-7.83
228199.31,-8.31
228380.32,-8.18
228560.25,-8.33
228742.62,-8.15
228922.58,-8.12
229101.82,-7.51
229272.16,-7.23
229438.21,-5.87
229584.72,-6.27
229736.18,-4.89
229872.37,-6.92
230032.31,-6.51
230188.95,-6.53
230346.70,-7.69
230521.50,-7.72
230697.78,-7.59
230872.46,-7.32
231047.11,-7.46
231219.97,-7.10
231388.02,-6.87
231552.26,-6.67
231713.95,-6.54
231873.51,-6.00
232026.46,-5.97
232181.67,-5.48
232327.99,-6.16
232482.61,-6.01
232636.03,-6.07
232790.58,-6.09
232945.48,-5.78
233096.58,-6.03
233250.71,-5.65
233400.57,-5.81
233551.46,-4.76
233690.53,-5.10
233831.18,-4.94
233971.34,-4.66
234108.70,-4.79
234247.42,-4.92
234388.00,-4.85
234527.99,-4.89
234668.27,-4.53
234804.88,-4.61
234941.85,-3.40
235065.23,-3.88
235192.90,-3.42
235316.06,-3.43
235439.18,-3.51
235563.09,-3.25
235684.86,-3.95
235813.89,-3.60
235939.84,-3.31
236061.38,-2.73
236177.55,-2.08
236289.79,-3.13
236409.37,-2.61
236524.75,-2.85
236641.60,-2.11
236751.76,-2.83
236867.76,-2.41
236981.06,-2.80
237097.88,-3.07
237217.02,-2.39
237332.04,-2.43
237444.89,-2.13
237555.58,-2.89
237672.66,-2.74
237789.96,-2.59
237904.05,-1.99
238013.03,-2.01
238121.97,-2.45
238234.90,-2.91
238352.28,-2.09
238462.71,-2.33
238574.29,-1.86
238685.39,-2.50
238789.06,-1.58
238896.14,-1.78
239000.45,-1.65
239110.97,-2.41
239225.07,-2.38
239328.05,-1.41
239439.38,-2.39
239553.24,-2.62
239663.37,-2.26
239768.89,-1.87
239865.71,-0.57
239961.05,-1.12
240060.53,-1.59
240163.42,-0.99
240262.43,-1.00
240360.41,-0.72
240456.85,-1.06
240555.48,-1.22
240655.15,-0.81
240751.53,-0.26
240843.63,-0.52
240937.25,-0.56
241030.95,-0.01
241120.22,0.29
241207.13,0.38
241293.16,0.38
241378.50,1.03
241460.79,0.09
241547.15,1.17
241627.90,0.51
241710.58,1.72
241787.32,2.46
241857.58,2.56
241927.53,2.20
241999.34,1.98
242071.74,2.73
242141.06,1.96
242213.98,2.21
242285.80,2.71
242354.70,2.31
242425.13,2.42
242495.58,2.06
242568.17,1.84
242641.94,1.91
242715.48,1.89
242789.15,1.08
242867.16,2.20
242939.88,1.81
243014.16,1.57
243089.61,1.14
243168.78,0.74
243250.18,0.63
243332.67,0.36
243414.48,1.01
243494.51,0.99
243574.02,1.19
243653.00,0.87
243735.37,0.21
243821.33,-0.12
243909.48,-0.21
243998.59,-0.36
244088.91,-1.25
244187.17,-1.66
244289.39,-2.32
244397.96,-2.13
244504.55,-1.83
244609.28,-2.41
244718.24,-2.42
244828.45,-3.05
244944.32,-2.83
245058.93,-3.21
245176.97,-3.45
245297.80,-3.43
245419.84,-4.49
245551.56,-3.77
245677.42,-4.22
245808.20,-5.07
245948.01,-4.42
246081.73,-5.22
246225.09,-5.68
246374.64,-5.92
246528.04,-6.40
246688.22,-7.56
246861.65,-6.94
247031.07,-6.80
247198.24,-7.22
247365.64,-6.01
247521.74,-5.52
247676.94,-5.99
247832.06,-6.58
247991.75,-5.67
248142.37,-5.66
248292.75,-5.60
248442.64,-6.29
248601.65,-5.85
248755.40,-5.97
248911.13,-6.65
249075.47,-6.26
249235.43,-6.32
249396.28,-6.95
249566.34,-6.91
249736.38,-7.43
249914.66,-7.32
250091.73,-7.93
250278.50,-7.29
250455.82,-7.76
250636.52,-7.80
250821.55,-7.49
251002.02,-7.46
251181.69,-7.45
251357.62,-7.23
251533.54,-7.54
251718.70,-8.29
251915.34,-8.57
252115.06,-8.28
252310.36,-8.12
252503.06,-8.33
252698.70,-7.60
252883.02,-8.33
253078.97,-7.89
253268.84,-8.48
253467.90,-8.38
253665.28,-7.68
253851.57,-7.55
254035.04,-7.48
254216.99,-7.17
254394.82,-7.99
254585.94,-8.20
254781.10,-7.77
254968.85,-7.47
255152.22,-7.85
255341.35,-7.88
255531.37,-7.72
255719.46,-8.92
255917.43,-7.99
256110.01,-7.71
256297.65,-7.69
256480.06,-7.12
256657.57,-6.99
256833.37,-7.68
257019.86,-7.16
257198.65,-6.93
257374.62,-8.13
257568.36,-7.29
257750.07,-6.98
257926.34,-7.17
258104.86,-6.82
258278.43,-6.59
258447.98,-6.02
258610.03,-6.70
258781.29,-7.43
258964.56,-7.20
259145.11,-7.51
259331.14,-8.38
259531.86,-7.36
259715.75,-7.27
259897.91,-7.35
260085.27,-7.99
260280.53,-8.42
260483.39,-7.96
260678.54,-8.06
260873.94,-6.68
261048.58,-7.29
261231.22,-7.01
261410.54,-7.46
261596.83,-7.95
261792.22,-8.35
261995.07,-7.87
262189.71,-7.41
262376.10,-7.53
262564.88,-7.86
262758.20,-7.00
262938.93,-7.91
263134.47,-7.04
263314.53,-6.20
263482.53,-6.16
263649.00,-6.17
263816.52,-6.90
263994.25,-6.54
264167.67,-6.83
264345.41,-7.31
264531.19,-6.98
264711.85,-6.72
264888.70,-7.39
265076.82,-7.45
265266.34,-7.52
265456.84,-7.24
265643.33,-7.54
265833.90,-7.76
266035.70,-7.81
266239.95,-8.29
266458.95,-8.15
266674.79,-7.90
266880.29,-7.34
267076.80,-8.21
267285.05,-8.68
267500.34,-8.77
267717.99,-8.92
267938.62,-8.28
268146.85,-8.49
268359.20,-8.45
268571.47,-8.54
268785.44,-8.55
269000.34,-8.88
269221.57,-8.65
269439.06,-8.95
269662.97,-9.13
269890.56,-8.51
270106.71,-9.25
270336.94,-8.54
270553.34,-8.41
270767.99,-8.98
270993.64,-9.55
271232.12,-9.16
271462.95,-9.09
271692.56,-9.36
271928.24,-9.34
272163.71,-9.23
272397.46,-9.38
272634.58,-9.06
272865.56,-9.32
273101.78,-9.31
273338.43,-8.98
273568.59,-9.17
273802.68,-9.05
274034.83,-9.11
274268.39,-9.05
274500.73,-8.56
274724.08,-8.97
274954.78,-8.58
275178.88,-8.95
275410.36,-9.02
275643.57,-8.28
275861.49,-7.89
276072.71,-8.16
276288.65,-8.58
276514.38,-8.99
276748.06,-8.38
276970.92,-8.95
277205.06,-9.38
277448.22,-8.22
277667.91,-7.76
277878.74,-7.75
278089.08,-8.26
278310.26,-8.41
278534.79,-9.30
278777.86,-7.89
278993.43,-8.05
279211.94,-8.57
279440.38,-8.12
279660.22,-8.04
279878.23,-7.33
280083.06,-6.81
280277.93,-6.53
280466.89,-5.57
280639.46,-6.62
280831.37,-7.12
281032.03,-6.75
281222.19,-7.19
281419.00,-7.82
281633.33,-7.38
281840.55,-6.89
282033.00,-6.73
282228.04,-6.74
282423.05,-6.39
282612.26,-6.55
282803.89,-6.18
282990.05,-6.31
283177.98,-5.95
283360.29,-5.98
283542.88,-5.85
283723.29,-5.67
283901.57,-6.21
284088.27,-5.97
284271.02,-5.69
284449.69,-5.66
284627.88,-5.83
284808.69,-5.71
284988.61,-5.71
285167.60,-6.61
285360.68,-5.28
285534.64,-5.55
285713.31,-5.35
285889.51,-5.77
286069.99,-5.17
286241.20,-5.24
286413.07,-5.00
286580.31,-5.27
286749.74,-5.61
286927.21,-4.90
287094.25,-5.56
287268.46,-5.35
287443.68,-4.99
287613.14,-4.90
287781.25,-5.02
287948.28,-4.57
288110.84,-4.69
288266.59,-5.00
288426.05,-4.79
288595.90,-5.15
288766.95,-4.77
288928.37,-5.06
289101.72,-5.21
289264.20,-5.01
289431.57,-4.97
289599.15,-4.99
289761.54,-4.31
289917.77,-4.07
290067.29,-3.83
290220.29,-3.84
290374.15,-4.33
290534.46,-4.57
290698.48,-4.40
290856.65,-4.97
291017.75,-5.12
291180.89,-5.31
291357.50,-5.73
291541.03,-6.43
291726.55,-5.41
291906.00,-5.72
292090.06,-6.17
292282.78,-6.70
292485.03,-6.29
292680.44,-6.41
292879.37,-6.14
293073.33,-6.98
293281.38,-7.27
293485.91,-7.76
293711.08,-7.58
293933.03,-7.14
294146.17,-6.40
294346.30,-7.53
294567.60,-7.63
294791.70,-8.07
295018.41,-7.62
295242.95,-7.22
295454.28,-7.20
295669.87,-6.68
295876.34,-6.17
296072.25,-4.93
296249.22,-5.66
296436.47,-5.87
296630.28,-6.37
296831.47,-6.95
297040.44,-7.05
297258.27,-7.38
297480.14,-8.03
297694.88,-7.35
297896.07,-7.81
298127.79,-7.60
298356.37,-7.15
298576.29,-7.24
298790.11,-6.68
299000.82,-6.54
299209.16,-6.37
299415.07,-6.63
299625.56,-6.57
299835.55,-5.99
300034.88,-5.87
300232.01,-5.57
300423.76,-4.91
300608.97,-5.93
300807.78,-6.31
301014.60,-6.57
301227.24,-7.14
301451.09,-7.69
301667.68,-7.06
301891.18,-7.07
302115.68,-7.01
302339.47,-5.94
302542.33,-6.23
302751.11,-6.39
302962.90,-6.12
303169.97,-5.68
303369.16,-5.25
303561.78,-5.82
303762.67,-4.73
303953.50,-5.42
304148.18,-5.10
304328.85,-5.39
304523.63,-5.20
304716.08,-4.85
304906.12,-5.27
305099.64,-4.67
305283.54,-3.95
305456.18,-4.25
305633.07,-4.57
305816.71,-5.42
306014.02,-5.28
306210.61,-5.47
306410.01,-5.06
306603.78,-5.80
306807.03,-6.66
307031.36,-7.59
307269.40,-6.99
307490.66,-6.79
307719.83,-6.56
307945.11,-6.38
308166.68,-6.02
308381.81,-5.53
308587.87,-6.12
308805.43,-5.76
309016.64,-5.33
309222.65,-5.70
309433.64,-5.84
309648.54,-6.36
309873.24,-5.44
310082.09,-5.77
310296.78,-5.40
310505.90,-5.97
310725.01,-5.21
310931.36,-5.19
311133.24,-5.41
311337.16,-5.51
311542.25,-5.33
311755.38,-4.92
311954.26,-5.11
312160.32,-4.43
312356.49,-4.76
312558.13,-5.11
312765.49,-4.05
312956.28,-4.03
313146.10,-4.40
313342.50,-3.43
313523.20,-3.90
313710.11,-2.85
313882.82,-3.80
314069.55,-3.46
314251.70,-3.22
314430.46,-3.67
314616.07,-3.23
314795.55,-2.84
314968.27,-2.50
315135.51,-3.62
315322.42,-3.84
315511.58,-2.28
315678.87,-2.60
315848.82,-2.05
316010.85,-1.61
316166.46,-1.27
316316.88,-2.69
316487.97,-2.99
316666.26,-2.95
316844.27,-3.12
317025.35,-3.20
317208.57,-3.57
317397.76,-3.44
317585.63,-3.65
317777.23,-3.29
317963.77,-3.60
318155.88,-4.22
318359.23,-4.41
318568.14,-5.30
318793.79,-4.57
319006.20,-4.41
319216.05,-4.37
319425.71,-4.45
319637.28,-4.41
319848.44,-4.03
320052.87,-3.81
320254.10,-4.24
320462.08,-3.39
320656.52,-3.14
320846.25,-2.98
321033.41,-3.08
321221.52,-2.08
321395.54,-2.90
321581.44,-2.37
321759.70,-2.44
321938.93,-2.24
322114.94,-1.93
322286.78,-1.92
322457.73,-1.35
322621.25,-1.52
322786.75,-1.88
322957.50,-1.21
323119.30,-1.13
323279.45,-0.93
323436.81,-0.76
323591.92,-1.40
323755.46,-0.43
323907.35,-0.84
324062.84,-0.34
324212.22,0.13
324355.82,0.08
324499.71,-0.23
324647.82,-0.56
324800.14,-0.16
324947.80,-0.24
325096.07,-0.08
325242.26,0.19
325384.96,-0.55
325528.53,0.44
325667.58,0.85
325802.11,0.72
325937.51,1.31
326066.71,0.56
326203.29,0.57
326340.60,0.31
326479.92,0.57
326616.86,0.61
326749.74,0.43
326887.34,0.16
327025.29,0.70
327160.59,0.39
327297.94,0.46
327432.23,0.41
327560.26,1.04
327685.37,1.19
327818.33,0.57
327948.76,0.79
328083.02,0.70
328216.60,0.80
328350.88,0.66
328477.41,1.36
328603.75,1.36
328732.71,1.11
328863.77,1.00
329000.97,0.41
329141.10,0.20
329274.58,0.79
329415.04,0.10
329551.45,0.78
329684.47,0.49
329820.20,0.47
329951.98,0.77
330083.12,0.92
330213.04,0.96
330342.96,0.97
330482.33,0.15
330615.82,0.71
330752.86,0.32
330890.02,0.35
331036.13,-0.34
331179.11,-0.10
331321.80,-0.12
331460.64,0.05
331598.67,0.26
331724.53,1.03
331849.11,1.02
331979.26,0.88
332096.85,1.79
332216.73,1.83
332330.18,2.01
332441.80,2.32
332549.19,2.77
332653.12,3.27
332762.49,2.53
332871.72,2.54
332975.68,3.19
333078.60,3.19
333178.92,3.48
333277.18,3.75
333378.70,3.34
333484.65,3.23
333589.97,3.35
333696.91,2.90
333803.22,3.01
333901.72,3.70
333999.57,3.62
334102.78,2.90
334207.22,3.09
334316.18,2.69
334422.39,2.87
334528.27,2.81
334641.67,2.04
334762.66,1.60
334879.77,1.61
335000.18,1.36
335120.26,1.15
335249.60,0.53
335376.02,0.80
335513.73,-0.07
335654.89,-0.62
335798.11,-0.66
335947.26,-0.95
336098.32,-1.48
336259.87,-1.92
336425.63,-2.14
336591.34,-2.17
336761.76,-2.65
336937.19,-2.94
337116.57,-2.78
337295.88,-3.17
337477.64,-3.16
337666.61,-3.50
337863.76,-3.98
338064.26,-4.12
338273.61,-4.60
338492.23,-5.07
338723.85,-5.68
338952.57,-5.50
339190.23,-5.95
339434.53,-6.21
339690.30,-6.55
339949.48,-6.96
340219.61,-7.10
340500.07,-7.71
340798.08,-8.39
341120.90,-9.18
341454.30,-9.56
341774.05,-8.99
342102.70,-9.22
342448.12,-9.66
342760.71,-8.98
343098.30,-9.14
343403.50,-8.33
343727.54,-9.03
344041.30,-8.62
344367.50,-8.85
344688.40,-8.84
345000.57,-8.53
345317.06,-8.69
345623.31,-8.29
345933.51,-8.43
346256.51,-8.88
346556.55,-8.01
346868.22,-8.46
347180.75,-8.49
347465.98,-7.44
347768.99,-8.14
348090.14,-8.74
348407.58,-8.61
348707.01,-8.00
348968.59,-6.52
349259.75,-7.73
349539.65,-7.20
349821.44,-7.28
350106.28,-7.36
350409.96,-8.10
350702.06,-7.61
350999.87,-7.83
351299.86,-7.89
351599.52,-7.87
351895.45,-7.72
352195.39,-7.86
352493.81,-7.97
352794.19,-7.63
353090.35,-7.59
353378.64,-7.40
353669.96,-7.94
353957.73,-7.55
354271.59,-8.15
354600.07,-8.58
354934.84,-8.79
355274.13,-9.00
355609.39,-8.87
355943.80,-8.87
356268.10,-8.52
356594.15,-8.57
356927.03,-8.78
357258.57,-8.70
357597.56,-8.94
357935.16,-8.99
358282.19,-8.80
358613.93,-8.41
358947.26,-8.52
359281.23,-8.70
359598.98,-7.84
359930.86,-8.60
360248.46,-7.84
360584.62,-8.74
360892.09,-7.69
361222.68,-8.39
361534.05,-7.89
361835.01,-7.40
362150.00,-7.61
362473.32,-8.26
362765.55,-7.07
363060.18,-6.07
363354.43,-7.11
363660.28,-7.55
363958.06,-7.20
364263.63,-7.46
364592.14,-8.14
364919.42,-8.19
365223.98,-7.36
365525.91,-7.23
365836.43,-7.58
366146.95,-7.55
366455.74,-7.46
366773.98,-7.80
367084.50,-7.50
367388.00,-7.18
367688.02,-6.73
367992.70,-7.38
368303.32,-7.64
368640.00,-8.29
368963.11,-7.82
369275.19,-7.40
369586.19,-7.36
369881.12,-6.77
370183.96,-7.04
370487.77,-7.06
370768.08,-6.17
371056.77,-6.49
371345.46,-6.46
371632.77,-6.39
371921.47,-6.44
372202.03,-6.11
372471.90,-5.70
372725.41,-4.96
372989.06,-5.42
373266.23,-5.90
373550.58,-6.16
373844.53,-6.49
374150.81,-6.86
374489.43,-7.94
374825.21,-7.78
375158.25,-7.66
375486.26,-7.45
375809.38,-7.26
376132.46,-7.22
376450.09,-7.01
376753.48,-6.46
377062.47,-6.67
377364.32,-6.46
377670.36,-6.50
377964.99,-6.20
378282.87,-6.85
378588.42,-6.35
378882.76,-5.93
379174.49,-5.81
379465.23,-5.76
379748.30,-5.44
380018.62,-4.91
380290.68,-4.97
380571.31,-5.28
380846.11,-5.02
381118.27,-4.92
381379.65,-4.42
381644.47,-4.60
381911.84,-3.76
382177.64,-4.52
382468.27,-5.15
382753.56,-5.24
383035.68,-5.09
383341.56,-5.97
383644.56,-5.87
383955.52,-6.06
384255.75,-5.63
384549.45,-5.37
384838.51,-5.18
385107.30,-4.36
385389.15,-4.88
385673.24,-4.93
385942.93,-4.31
386207.03,-4.32
386469.10,-3.29
386716.31,-2.67
386976.83,-3.88
387252.77,-4.56
387537.07,-4.74
387839.31,-5.35
388143.73,-5.37
388467.02,-5.99
388788.17,-5.86
389137.32,-6.70
389480.58,-6.48
389804.90,-5.80
390135.14,-5.98
390447.83,-5.35
390742.96,-4.68
391040.25,-4.73
391345.18,-4.96
391644.00,-4.70
391942.38,-4.65
392231.36,-4.26
392514.85,-4.03
392790.30,-3.67
393057.46,-3.33
393324.65,-3.32
393580.21,-2.78
393831.96,-2.61
394079.04,-2.37
394327.66,-2.43
394568.05,-2.00
394814.91,-2.30
395057.48,-2.10
395280.87,-1.12
395501.45,-0.98
395737.09,-1.71
395965.24,-1.31
396192.07,-1.23
396413.47,-0.95
396634.67,-0.93
396845.89,-0.40
397058.05,-0.45
397267.19,-0.25
397476.55,-0.28
397676.55,0.29
397885.06,-0.20
398095,-0.22
398319,-0.94
398537,-0.57
398735,0.47
398935,0.36
399131,0.64
399340,-0.07
399543,0.31
399746,0.39
399946,0.51
400143,0.70
400332,1.16
400514,1.60
400704,1.15
400901,0.83
401094,0.98
401276,1.78
401460,1.62
401644,1.63
401830,1.57
402015,1.58
402192,2.18
402380,1.49
402563,1.79
402741,2.14
402917,2.20
403088,2.62
403267,2.12
403444,2.27
403624,2.01
403803,2.20
403984,1.90
404171,1.64
404348,2.41
404529,2.10
404714,1.88
404900,1.78
405080,2.22
405264,1.56
405441,2.41
405617,2.49
405790,2.65
405962,2.71
406142,2.22
406330,1.79
406508,2.44
406690,2.27
406860,3.15
407031,2.90
407215,2.19
407384,2.90
407567,2.06
407746,2.45
407922,2.67
408105,2.17
408292,1.99
408483,1.77
408669,1.83
408849,2.09
409028,2.21
409217,1.73
409402,2.13
409588,1.80
409781,1.73
409980,1.57
410174,1.58
410374,1.72
410577,1.47
410778,1.72
410986,1.47
411194,1.37
411402,1.64
411605,0.95
411817,0.72
412046,0.44
412277,0.49
412507,0.43
412739,0.08
412977,0.66
413198,0.48
413432,0.23
413669,0.68
413902,0.57
414139,-0.08
414392,0.26
414639,0.43
414882,0.17
415132,0.12
415384,0.61
415626,0.31
415875,0.31
416125,0.10
416380,0.63
416624,0.33
416874,0.67
417118,0.83
417358,0.38
417608,0.32
417860,0.61
418106,0.08
418364,0.01
418624,-0.28
418889,-0.32
419133,-0.24
419398,-0.35
419666,-0.09
419929,-0.62
420203,-0.48
420474,-0.29
420741,-0.59
421013,-0.75
421290,-1.37
421582,-1.43
421871,-1.72
422171,-1.87
422475,-1.55
422768,-1.51
423056,-2.21
423359,-2.59
423669,-2.10
423963,-2.34
424263,-1.29
424536,-0.24
424784,0.09
425027,-0.29
425277,-0.99
425537,-1.90
425813,-1.85
426090,-2.13
426390,-2.67
426715,-2.29
427020,-2.93
427343,-3.95
427684,-4.70
428065,-4.63
428444,-5.83
428868,-6.05
429259,-6.61
429718,-6.79
430187,-7.58
430693,-8.10
431226,-8.19
431767,-8.19
432326,-8.19
432870,-8.39
433425,-8.12
433969,-8.58
434472,-8.17
435023,-8.49
435592,-8.03
436141,-8.91
436726,-9.63
437267,-9.25
437827,-9.60
438423,-8.80
439039,-9.19
439625,-9.15
440206,-9.04
440798,-9.07
441388,-8.73
441954,-8.33
442535,-8.42
443120,-7.91
443682,-7.15
444216,-7.77
444785,-7.45
445342,-7.45
445900,-7.65
446471,-7.48
447034,-6.15
447536,-6.32
448047,-6.56
448573,-7.58
449151,-7.28
449719,-7.26
450288,-7.65
450881,-7.92
451492,-6.70
452042,-7.07
452613,-7.89
453229,-7.24
453816,-6.34
454400,-6.81
454969,-7.01
455550,-7.39
456156,-8.21
456813,-8.92
457519,-8.70
458216,-8.83
458942,-8.80
459652,-8.47
460344,-8.34
461031,-8.24
461713,-7.45
462350,-7.15
462970,-7.63
463620,-7.65
464257,-8.08
464951,-8.44
465657,-8.50
466367,-8.17
467058,-8.03
467740,-8.64
468461,-7.58
469115,-6.47
469706,-7.26
470337,-6.30
470916,-5.18
471435,-4.83
471934,-4.00
472392,-4.62
472880,-5.50
473409,-6.17
473970,-7.01
474576,-6.89
475160,-5.75
475696,-5.09
476200,-4.61
476679,-4.19
477138,-3.95
477586,-4.64
478062,-5.19
478562,-5.98
479099,-5.73
479623,-5.15
480119,-4.95
480605,-4.76
481081,-4.94
481571,-4.53
482035,-4.34
482489,-3.97
482928,-4.15
483371,-3.74
483798,-3.76
484225,-3.36
484635,-3.54
485051,-3.44
485462,-3.39
485870,-3.42
486279,-3.22
486679,-2.76
487062,-2.75
487444,-2.56
487817,-2.40
488185,-2.57
488555,-1.36
488889,-2.51
489256,-2.39
489620,-2.25
489978,-2.31
490338,-2.44
490701,-2.81
491076,-3.03
491456,-3.25
491845,-3.25
492234,-3.42
492628,-3.42
493022,-3.50
493416,-3.23
493802,-3.93
494208,-3.75
494600,-3.78
495001,-3.78
495401,-3.79
495800,-3.58
496190,-3.74
496584,-3.78
496978,-3.97
497376,-3.66
497762,-3.97
498157,-3.83
498545,-3.93
498934,-3.77
499316,-3.72
499694,-4.30
500090,-4.25
500482,-4.31
500875,-4.41
501269,-4.45
501663,-4.81
502067,-4.16
502446,-4.43
502832,-4.45
503217,-4.37
503596,-4.21
503968,-4.46
504346,-4.00
504708,-4.40
505080,-5.04
505474,-5.32
505875,-5.21
506271,-4.91
506654,-4.70
507027,-4.63
507396,-4.52
507758,-4.55
508120,-4.90
508493,-6.00
508902,-5.94
509308,-5.73
509704,-5.78
510100,-5.55
510487,-5.67
510876,-5.76
511267,-5.83
511658,-5.86
512049,-5.63
512432,-5.53
512809,-5.49
513185,-5.62
513563,-5.38
513933,-4.77
514282,-4.84
514633,-5.00
514989,-4.98
515343,-4.46
515681,-4.08
516006,-4.01
516329,-4.48
516666,-4.31
516998,-4.28
517329,-3.51
517637,-4.01
517960,-3.46
518267,-3.59
518578,-3.47
518885,-3.45
519193,-3.23
519495,-3.48
519804,-3.41
520111,-3.75
520416,-3.45
520726,-3.12
521027,-3.94
521353,-3.40
521664,-3.47
521978,-3.40
522290,-3.58
522610,-4.84
522969,-4.55
523321,-4.61
523675,-4.30
524022,-4.51
524375,-4.29
524728,-4.84
525099,-4.35
525452,-4.64
525808,-4.93
526184,-4.86
526559,-4.82
526935,-4.42
527299,-4.90
527683,-4.58
528056,-4.31
528422,-4.14
528783,-4.44
529157,-4.50
529534,-5.18
529939,-5.43
530357,-6.07
530804,-6.75
531284,-7.33
531795,-7.12
532302,-7.71
532841,-7.48
533375,-7.71
533926,-7.24
534459,-7.20
534994,-6.64
535508,-6.99
536044,-6.76
536575,-6.82
537113,-6.76
537652,-6.47
538194,-7.53
538784,-7.77
539391,-7.56
539991,-7.46
540589,-7.55
541188,-7.43
541788,-7.28
542381,-7.10
542964,-7.24
543554,-7.35
544149,-7.64
544758,-8.13
545367,-8.12
545985,-8.14
546604,-7.91
547202,-7.17
547746,-6.82
548280,-7.17
548818,-7.20
549348,-6.81
549855,-6.14
550322,-5.35
550761,-5.58
551208,-6.28
551673,-6.48
552129,-6.94
552607,-6.29
553047,-6.23
553481,-5.42
553874,-5.07
554250,-4.68
554604,-4.52
554948,-4.04
555265,-3.35
555563,-3.09
555844,-3.25
556126,-4.67
556411,-4.21
556719,-4.41
557013,-5.07
557308,-4.95
557616,-5.38
557911,-5.49
558214,-5.66
558514,-6.15
558823,-6.86
559133,-6.77
559461,-6.48
559778,-5.75
560077,-5.48
560352,-5.43
560625,-5.21
560890,-5.00
561149,-4.65
561404,-4.49
561649,-4.64
561889,-4.07
562130,-4.00
562357,-3.70
562582,-3.66
562799,-3.40
563015,-3.33
563225,-3.06
563433,-3.22
563636,-2.81
563841,-2.87
564039,-2.59
564238,-2.49
564432,-2.21
564627,-2.58
564815,-2.05
564994,-2.07
565179,-2.21
565365,-2.27
565554,-2.08
565745,-1.63
565933,-1.82
566114,-1.84
566298,-1.89
566484,-1.80
566671,-2.02
566857,-1.44
567047,-1.87
567231,-1.42
567420,-1.22
567602,-1.68
567781,-1.93
567969,-1.44
568161,-1.54
568346,-1.38
568532,-1.59
568716,-1.51
568905,-1.77
569093,-1.49
569285,-1.09
569474,-1.47
569656,-1.42
569845,-1.64
570034,-1.48
570228,-1.50
570419,-1.61
570612,-1.48
570807,-1.42
571001,-1.49
571194,-1.45
571390,-1.38
571585,-1.44
571780,-1.69
571977,-1.51
572178,-1.79
572378,-1.86
572583,-1.43
572790,-1.53
572991,-1.32
573193,-2.15
573392,-1.63
573608,-1.35
573814,-1.29
574016,-1.76
574217,-1.31
574428,-1.41
574631,-1.23
574837,-1.22
575040,-1.37
575244,-0.99
575452,-1.14
575654,-1.42
575861,-1.62
576076,-1.73
576297,-1.73
576523,-2.11
576749,-1.95
576981,-1.83
577214,-1.87
577447,-2.27
577684,-1.95
577932,-1.83
578166,-1.71
578402,-1.36
578645,-0.92
578883,-1.08
579114,-1.10
579352,-1.06
579592,-1.16
579836,-1.07
580084,-1.46
580335,-2.31
580598,-3.04
580878,-2.81
581193,-3.45
581507,-4.10
581846,-4.23
582213,-4.81
582592,-5.72
582999,-6.31
583449,-7.03
583928,-6.89
584446,-5.90
584984,-5.75
585485,-6.10
585990,-5.49
586521,-6.52
587034,-6.73
587620,-6.11
588205,-5.18
588778,-4.62
589314,-4.05
589830,-3.48
590337,-3.47
590816,-4.99
591301,-5.92
591862,-5.68
592474,-5.30
593083,-5.09
593666,-4.63
594256,-4.32
594821,-3.89
595401,-4.42
595959,-5.44
596546,-6.31
597190,-6.70
597892,-6.42
598667,-5.54
599400,-5.35
600096,-4.99
600791,-5.18
601487,-4.23
602124,-4.33
602788,-4.19
603474,-4.22
604150,-3.92
604834,-3.51
605507,-3.47
606161,-3.21
606819,-2.94
607474,-2.35
608079,-2.01
608674,-1.74
609269,-1.37
609854,-1.09
610425,-1.26
610985,-1.47
611541,-1.43
612130,-1.46
612717,-1.04
613310,-1.35
613878,-1.04
614466,-1.30
615060,-0.97
615672,-1.28
616273,-1.46
616895,-1.94
617533,-2.28
618205,-1.79
618904,-2.29
619576,-2.38
620278,-1.96
620950,-1.95
621644,-2.59
622342,-2.52
623054,-2.84
623796,-2.63
624562,-2.69
625316,-2.20
626073,-3.19
626800,-4.42
627597,-5.54
628490,-7.17
629486,-8.37
630645,-8.72
631964,-8.80
633312,-8.24
634676,-8.90
635956,-8.92
637310,-8.39
638664,-8.68
639948,-8.84
641262,-8.86
642589,-8.21
643907,-7.73
645119,-7.68
646222,-7.71
647328,-7.82
648431,-7.46
649522,-7.07
650556,-7.47
651553,-7.29
652589,-7.72
653588,-7.92
654607,-7.58
655611,-6.87
656550,-6.71
657420,-7.38
658255,-7.52
659093,-8.36
659970,-8.02
660865,-8.64
661743,-8.30
662653,-8.00
663513,-7.82
664289,-8.42
665075,-8.94
665887,-9.05
666722,-9.03
667546,-8.95
668348,-8.89
669129,-8.31
669852,-7.24
670509,-7.28
671102,-7.62
671706,-8.16
672290,-8.25
672908,-7.99
673520,-7.68
674132,-7.51
674722,-7.05
675293,-6.54
675849,-5.94
676364,-5.89
676871,-6.71
677330,-7.34
677788,-6.90
678267,-5.65
678780,-4.67
679269,-5.15
679721,-5.95
680122,-6.46
680542,-7.02
680987,-7.34
681449,-6.95
681935,-6.02
682433,-5.58
682912,-5.20
683371,-5.34
683792,-5.46
684198,-5.23
684610,-4.83
685025,-4.68
685431,-4.62
685823,-4.61
686211,-4.41
686589,-4.07
686965,-3.97
687342,-3.73
687708,-3.50
688070,-3.44
688435,-3.36
688786,-3.50
689136,-3.70
689486,-3.35
689836,-3.14
690193,-3.05
690540,-3.05
690880,-2.59
691219,-2.51
691562,-2.75
691888,-2.70
692210,-2.50
692539,-2.39
692871,-2.04
693188,-1.60
693514,-1.55
693830,-1.86
694129,-1.82
694439,-2.08
694761,-2.00
695072,-1.94
695392,-1.83
695713,-1.92
696030,-1.77
696351,-1.85
696673,-2.07
696992,-1.86
697310,-1.69
697637,-1.94
697970,-1.88
698299,-1.84
698634,-1.92
698974,-2.26
699317,-2.55
699665,-2.49
700027,-2.75
700404,-2.45
700784,-2.31
701177,-2.16
701564,-1.77
701952,-2.02
702339,-2.40
702719,-2.49
703114,-2.36
703529,-2.45
703956,-2.78
704384,-3.05
704825,-3.21
705287,-3.21
705770,-3.46
706270,-3.75
706780,-3.70
707312,-3.67
707870,-3.56
708436,-3.50
709011,-4.02
709591,-3.88
710178,-4.06
710806,-4.00
711436,-4.05
712087,-4.19
712743,-4.29
713410,-3.90
714092,-4.02
714808,-4.23
715479,-5.20
716162,-5.26
716860,-5.59
717625,-6.23
718378,-6.47
719147,-6.92
720001,-7.13
720764,-7.90
721643,-8.77
722534,-8.32
723478,-7.14
724233,-5.75
724982,-5.18
725802,-5.07
726535,-6.10
727213,-5.96
727948,-6.05
728662,-5.83
729369,-5.69
730050,-5.31
730709,-5.23
731331,-5.28
731946,-4.85
732602,-4.20
733241,-3.79
733803,-3.93
734327,-3.95
734843,-4.15
735336,-3.99
735855,-3.72
736355,-4.03
736837,-4.47
737354,-4.52
737809,-4.76
738294,-5.38
738799,-5.62
739277,-6.27
739778,-7.16
740294,-8.08
740867,-8.24
741465,-8.25
742086,-8.47
742707,-8.60
743325,-8.95
743934,-8.84
744545,-8.67
745171,-8.41
745782,-8.56
746375,-8.56
746947,-8.62
747520,-8.63
748091,-8.69
748642,-8.60
749203,-8.44
749766,-8.32
750322,-8.50
750878,-8.58
751428,-8.59
751990,-8.42
752561,-8.37
753139,-8.24
753716,-7.97
754300,-7.79
754886,-7.54
755475,-7.22
756060,-6.25
756643,-5.50
757220,-5.09
757758,-5.30
758265,-5.77
758757,-6.07
759282,-6.43
759838,-7.12
760417,-7.27
761022,-7.33
761692,-6.72
762387,-5.78
763083,-5.16
763761,-4.72
764399,-4.76
765016,-5.10
765628,-5.56
766238,-6.22
766880,-6.40
767558,-6.00
768299,-5.33
769072,-4.54
769831,-3.84
770559,-3.80
771249,-3.93
771907,-4.32
772553,-4.52
773239,-4.13
773957,-3.82
774703,-3.47
775442,-2.96
776159,-2.69
776861,-2.70
777536,-2.67
778201,-2.34
778873,-2.17
779549,-2.13
780209,-2.17
780863,-2.37
781519,-2.28
782180,-1.84
782856,-2.04
783528,-1.70
784173,-1.71
784830,-1.15
785470,-1.05
786105,-1.04
786706,-0.63
787298,-0.54
787885,-1.75
788442,-2.37
789019,-2.59
789635,-3.09
790282,-3.70
790937,-4.27
791618,-5.05
792331,-5.61
793079,-5.91
793876,-6.51
794708,-7.33
795556,-8.23
796449,-8.53
797408,-8.73
798443,-8.54
799501,-8.88
800589,-8.92
801662,-8.82
